email,household_type,footage,heating_temp,cooling_temp,postal_code,utilities
aacey@rundofase.com,apartment,1163,,72,95335,
aacuff@rantouch.com,townhome,1138,74,75,25420,gas
aalbares@cancity.com,mobile home,237,67,,81019,gas
aamyot@ontomedia.com,apartment,479,74,73,47169,gas
aaquas@bioholding.com,house,777,69,,4637,"electric,gas"
aarceo@fasehatice.com,apartment,1852,71,,92258,"electric,steam"
aarceo@zoomit.com,house,1244,69,76,73056,gas
aaredondo@plexzap.com,mobile home,433,,70,96110,"electric,gas"
aarias@goodsilron.com,house,871,72,75,49325,electric
aarias@singletechno.com,apartment,921,75,74,92869,electric
aasar@fasehatice.com,apartment,1775,71,73,2670,electric
aauber@cancity.com,house,1565,72,,48859,gas
aauffrey@golddex.com,townhome,790,69,71,74871,"electric,gas"
aauffrey@kinnamplus.com,house,461,69,75,75138,"electric,fuel oil"
aauffrey@rundofase.com,apartment,1036,71,71,99330,electric
abachman@yearin.com,townhome,406,74,72,78474,electric
abarfield@dambase.com,apartment,835,72,74,71050,"electric,fuel oil"
abarfield@finjob.com,house,2309,69,74,43733,gas
abatman@toughzap.com,townhome,91,69,69,62321,electric
abayless@faxquote.com,apartment,934,74,74,66434,"electric,gas,fuel oil"
abeech@donware.com,townhome,1317,78,,74462,gas
abennick@labdrill.com,apartment,1012,68,,31321,electric
aberlanga@statholdings.com,house,1386,,,14639,electric
aberray@scottech.com,house,1549,,72,92368,fuel oil
abevelacqua@zencorporation.com,apartment,738,72,71,93202,"gas,fuel oil"
abiddy@bioholding.com,apartment,1038,66,72,79938,
abilden@labdrill.com,house,2199,70,73,20142,electric
abilden@xx-holding.com,condominium,483,73,76,92416,"gas,steam"
abirkner@ron-tech.com,townhome,850,73,74,91202,"electric,gas,fuel oil"
ablackwood@codehow.com,condominium,1272,73,,47921,gas
aboord@dambase.com,apartment,458,75,73,29150,steam
aboord@y-corporation.com,apartment,1067,78,71,88525,electric
aborgman@konex.com,apartment,816,69,74,79966,
abourbon@fasehatice.com,townhome,688,69,72,10096,gas
abowley@zoomit.com,apartment,740,74,,92271,gas
abrachle@finjob.com,townhome,1726,,72,32561,
abrachle@konmatfix.com,apartment,425,73,75,97841,
abrideau@streethex.com,house,2259,,76,44683,electric
abrossart@faxquote.com,house,233,73,71,36769,"electric,gas"
abrucato@plussunin.com,house,1610,,70,74136,
abruschke@dambase.com,house,675,,75,30047,gas
abruschke@plusstrip.com,condominium,2909,77,,85306,
abutzen@statholdings.com,condominium,1493,71,75,42337,gas
abuvens@plusstrip.com,house,997,,72,71486,gas
acaiafa@nam-zim.com,house,2417,72,69,13308,"electric,gas,fuel oil"
acaldarera@cancity.com,townhome,1344,,73,6853,fuel oil
acalvaresi@nam-zim.com,house,3067,71,71,26338,steam
acalvaresi@ontomedia.com,condominium,1554,,73,55127,gas
acanlas@xx-zobam.com,house,759,73,70,93130,gas
acantres@dontechi.com,condominium,2190,65,72,5466,
acantres@sonron.com,apartment,1131,74,70,25431,
acentini@groovestreet.com,mobile home,162,73,74,15960,electric
achaffins@openlane.com,townhome,489,,74,11719,"electric,gas"
achavous@groovestreet.com,apartment,1018,73,74,15380,"electric,fuel oil"
achavous@xx-holding.com,townhome,835,73,72,30410,electric
achesterfield@newex.com,condominium,566,73,,64658,fuel oil
achickering@rundofase.com,townhome,1355,,,52047,gas
aclaucherty@toughzap.com,apartment,556,73,,65062,electric
acloney@cancity.com,townhome,756,71,72,17047,"electric,gas"
acolla@zathunicon.com,house,784,73,,67344,steam
acoody@bioplex.com,mobile home,494,71,69,53449,electric
acoody@finjob.com,mobile home,456,71,72,32762,fuel oil
acoody@sumace.com,house,113,75,72,30019,"electric,gas"
acork@doncon.com,apartment,1285,74,72,38055,steam
acoyier@y-corporation.com,house,2769,,75,52052,
acronauer@golddex.com,apartment,1429,67,73,97350,fuel oil
adallen@finjob.com,apartment,2244,64,74,23181,electric
adarakjy@plusstrip.com,house,1654,69,75,84029,gas
adaufeldt@singletechno.com,condominium,936,,75,7650,gas
adegonia@bioholding.com,house,3435,76,74,36558,electric
adegonia@zathunicon.com,apartment,166,70,,19457,steam
adegroot@isdom.com,house,897,74,71,21856,
adelasancha@faxquote.com,apartment,1031,71,70,84766,gas
ademesa@bioholding.com,condominium,1047,,,76210,"electric,fuel oil"
ademesa@zoomit.com,condominium,701,,72,67639,
adenooyer@finhigh.com,apartment,451,,68,45208,gas
adhamer@xx-holding.com,apartment,915,70,75,4354,
adickerson@blackzim.com,apartment,701,76,,11566,"electric,gas"
adickerson@plussunin.com,apartment,424,69,,76258,"electric,fuel oil"
adinos@rundofase.com,townhome,1289,74,74,68854,gas
adiscipio@ganjaflex.com,condominium,53,72,74,4321,steam
adiscipio@iselectrics.com,townhome,1098,70,71,30357,"electric,gas,fuel oil"
adiscipio@warephase.com,condominium,161,69,70,62447,electric
adopico@scottech.com,house,2378,76,,49258,"electric,gas"
aeanes@fasehatice.com,apartment,901,76,,68108,"gas,fuel oil"
aeanes@scottech.com,house,585,69,,98336,
aehmann@mathtouch.com,house,2230,71,73,62999,fuel oil
aengelberg@dontechi.com,house,1104,,72,52248,"gas,fuel oil"
aengelberg@scottech.com,house,739,71,,71720,
aeschberger@yearin.com,house,737,74,69,92507,"electric,gas"
aestell@ganjaflex.com,apartment,778,68,,98102,
aestell@zathunicon.com,townhome,927,67,,40009,electric
afallick@kinnamplus.com,townhome,1174,70,,72179,gas
afarrar@donquadtech.com,house,3670,73,,18248,electric
afarrar@green-plus.com,townhome,1117,,73,29373,electric
afarrar@kan-code.com,house,2035,73,71,73756,steam
afarrow@isdom.com,apartment,431,75,70,36015,"electric,gas"
afarrow@streethex.com,apartment,943,76,,84627,"electric,steam,fuel oil"
afeichtner@konex.com,townhome,1668,75,,48236,"electric,gas"
afelger@betatech.com,townhome,937,75,,48725,
afelger@doncon.com,apartment,904,66,76,72631,gas
afigeroa@dalttechnology.com,townhome,1143,69,72,23190,electric
aflister@sonron.com,house,799,75,75,59639,electric
afoller@gogozoom.com,condominium,712,68,,80524,electric
afoller@year-job.com,house,566,72,,46947,electric
afortino@openlane.com,apartment,940,70,72,63822,
afrey@treequote.com,house,612,70,72,24565,electric
afritz@funholding.com,townhome,595,69,,15626,electric
agabisi@dalttechnology.com,apartment,1233,72,71,4539,"electric,gas,fuel oil"
agabisi@ganjaflex.com,apartment,390,66,70,38039,
agato@hatfan.com,house,4790,77,,57334,"electric,gas"
agato@ontomedia.com,apartment,2012,74,,57717,
agehrett@scotfind.com,townhome,687,73,70,14129,"electric,gas,fuel oil"
agellinger@condax.com,apartment,1367,66,73,71259,"electric,fuel oil"
agellinger@finhigh.com,mobile home,1017,76,,50470,gas
agesick@rantouch.com,apartment,1012,76,,41522,
agiguere@plusstrip.com,house,111,74,70,4471,"electric,gas,steam"
agillaspie@finhigh.com,mobile home,584,77,71,34112,
agillian@ron-tech.com,apartment,1001,,,59106,gas
agleich@doncon.com,mobile home,349,78,69,55438,electric
agleich@finjob.com,house,1334,,74,38643,"electric,gas"
aglick@treequote.com,apartment,2147,,73,46582,
agobern@ontomedia.com,condominium,1577,,71,23514,gas
agochal@blackzim.com,mobile home,259,69,74,81045,"electric,fuel oil"
agochal@toughzap.com,apartment,928,67,,21866,fuel oil
agood@xx-zobam.com,house,128,69,,79960,"electric,gas"
agotter@isdom.com,house,2637,72,74,90280,"electric,gas"
agotter@statholdings.com,townhome,576,,,92843,"electric,steam"
agrenet@yearin.com,mobile home,206,71,76,22902,"electric,gas"
agudroe@sunnamplex.com,house,69,77,72,27592,fuel oil
ahagele@dontechi.com,house,675,71,74,38333,gas
ahalsey@faxquote.com,apartment,791,,70,55965,gas
ahalsey@plussunin.com,house,1348,,72,1253,
ahalter@sunnamplex.com,house,1604,72,75,12874,"electric,gas"
ahamilton@cancity.com,apartment,513,75,,83302,
aharabedian@inity.com,house,1916,68,,30477,electric
aharnos@bioholding.com,townhome,1182,74,74,52309,electric
aharoldson@zumgoity.com,house,1429,72,72,70397,"electric,steam"
aheintzman@donquadtech.com,house,851,68,,57552,gas
aheintzman@donware.com,house,897,76,70,17931,
ahengel@groovestreet.com,townhome,635,73,74,77720,"electric,gas"
ahochard@hottechi.com,house,1050,71,72,67674,electric
ahochard@j-texon.com,townhome,1241,75,69,32058,electric
ahoffis@kan-code.com,house,866,73,,44510,steam
ahollack@codehow.com,house,801,73,74,61106,"gas,steam,fuel oil"
ahoogland@zencorporation.com,house,1806,69,,21817,electric
ahoopengardner@iselectrics.com,apartment,834,,,15225,"gas,fuel oil"
ahoopengardner@kan-code.com,apartment,2032,72,73,31993,"electric,gas,fuel oil"
ahoopengardner@zotware.com,townhome,1224,76,,87575,electric
ahoopengardner@zumgoity.com,house,1912,74,72,45740,fuel oil
ahusser@toughzap.com,apartment,937,73,75,58103,electric
aisenhower@doncon.com,house,861,75,,27910,"electric,fuel oil"
aisenhower@warephase.com,apartment,799,,72,88528,
ajacobos@gogozoom.com,townhome,445,75,75,14204,"gas,fuel oil"
ajacobos@kan-code.com,house,1524,76,71,78880,electric
ajayson@newex.com,mobile home,250,72,73,62543,electric
ajeanty@gogozoom.com,apartment,745,75,,61810,gas
ajeanty@zoomit.com,house,1419,70,75,55051,"electric,gas,fuel oil"
ajillson@rantouch.com,townhome,459,73,69,92385,
ajulia@zathunicon.com,apartment,849,68,71,30177,"steam,fuel oil"
ajurney@silis.com,apartment,2017,75,72,91326,gas
akampa@finhigh.com,condominium,66,70,73,13201,electric
akampa@plusstrip.com,house,731,,76,23879,fuel oil
akaniecki@zathunicon.com,townhome,1139,70,74,74016,electric
akardas@green-plus.com,condominium,1123,,,98628,"gas,steam"
akardas@singletechno.com,house,548,71,75,28630,"electric,gas"
akarpin@faxquote.com,house,3693,69,71,48820,electric
akarpin@singletechno.com,house,3350,71,72,30388,"electric,fuel oil"
akeneipp@bioholding.com,apartment,947,,75,26222,electric
akeneipp@groovestreet.com,apartment,457,65,,44179,electric
aketelsen@ontomedia.com,apartment,780,,74,44822,"electric,gas"
aketelsen@xx-holding.com,house,2671,,73,93625,
akiel@codehow.com,apartment,970,74,72,55785,"gas,steam,fuel oil"
akiel@scotfind.com,house,717,70,72,13061,gas
akines@labdrill.com,apartment,1075,67,75,19472,fuel oil
akippley@stanredtax.com,apartment,797,73,73,16045,steam
akitty@fasehatice.com,condominium,488,,70,97842,gas
akitty@zathunicon.com,house,1911,68,72,92118,"electric,gas,fuel oil"
akitzman@sonron.com,mobile home,323,75,71,65779,gas
aklang@newex.com,apartment,744,73,75,7474,fuel oil
aklimek@sonron.com,apartment,768,74,73,85244,"electric,gas"
aklonowski@donquadtech.com,apartment,864,75,73,83634,electric
akohl@hottechi.com,house,1905,,,99549,"electric,gas"
akolmetz@kinnamplus.com,mobile home,154,67,,31908,"electric,gas"
akonopacki@golddex.com,house,628,75,,92191,"electric,gas"
akoppinger@sunnamplex.com,house,777,72,70,50434,"electric,fuel oil"
akorando@doncon.com,condominium,714,71,,43523,gas
akorando@finjob.com,townhome,1568,74,69,50120,
akorando@goodsilron.com,apartment,138,69,72,26456,steam
akownacki@green-plus.com,house,906,74,,81247,electric
akulzer@scotfind.com,townhome,1889,71,75,30087,gas
alabreche@silis.com,apartment,36,71,,45750,fuel oil
alace@xx-holding.com,house,1153,,,75092,
alacovara@hatfan.com,apartment,1336,70,73,44106,gas
alapage@ontomedia.com,house,1517,78,76,84723,"electric,gas,fuel oil"
alary@toughzap.com,house,2265,72,,54737,"electric,steam"
alatzke@faxquote.com,apartment,1279,,71,61610,
alayous@dontechi.com,apartment,574,73,,40283,
alayous@statholdings.com,apartment,1022,,,75663,"electric,gas,fuel oil"
aleinenbach@green-plus.com,apartment,1348,,70,19116,electric
aleto@warephase.com,house,222,72,73,56561,gas
alietz@j-texon.com,house,3437,77,,20667,
alindall@gogozoom.com,apartment,385,70,68,79702,"steam,fuel oil"
aliukko@hatfan.com,apartment,1318,69,71,69027,electric
aloader@scottech.com,house,737,74,72,50315,"electric,gas"
aloder@rundofase.com,mobile home,424,73,74,10016,"electric,gas"
alother@doncon.com,mobile home,444,75,72,12172,
aluczki@konmatfix.com,mobile home,309,78,69,73546,"electric,gas"
alungren@faxquote.com,apartment,583,75,76,44470,fuel oil
alungren@opentech.com,house,6092,72,,16731,"electric,gas,fuel oil"
amaclead@ron-tech.com,condominium,74,,,98591,"electric,gas,fuel oil"
amai@warephase.com,townhome,1741,77,74,98801,electric
amaillard@bioholding.com,apartment,867,76,71,94543,electric
amaillard@plexzap.com,apartment,873,67,,41760,gas
amallett@plussunin.com,townhome,1323,68,,96141,gas
amarrier@hatfan.com,house,1630,75,73,11955,
amarrier@zoomit.com,house,721,75,,60053,electric
amartabano@ron-tech.com,house,1995,67,71,78116,gas
amatuszak@dalttechnology.com,apartment,1700,,71,27315,gas
amaybury@rundofase.com,townhome,1430,73,69,10161,
amaynerich@bioholding.com,condominium,52,,72,15779,gas
amaynerich@treequote.com,townhome,1081,,,60176,gas
amccullan@plexzap.com,house,1240,69,73,17243,"electric,gas"
amcdoniel@faxquote.com,apartment,831,69,76,14150,"gas,fuel oil"
amcdoniel@kinnamplus.com,apartment,428,76,73,68226,electric
amconnell@zumgoity.com,apartment,495,,74,90261,electric
amcrae@silis.com,townhome,101,71,75,43216,"electric,gas,fuel oil"
ameteer@betatech.com,condominium,807,,72,51553,"electric,fuel oil"
amiceli@funholding.com,condominium,1061,65,,58740,"electric,gas,fuel oil"
amirafuentes@finhigh.com,condominium,2896,71,75,84513,gas
amirafuentes@newex.com,condominium,1805,,72,30668,electric
amirafuentes@plexzap.com,mobile home,202,77,71,69025,"electric,gas"
amiro@groovestreet.com,townhome,2932,72,,98575,fuel oil
amodzelewski@yearin.com,house,1448,72,70,95386,
amonarrez@funholding.com,house,736,67,73,71953,electric
amonarrez@inity.com,apartment,879,73,70,54559,fuel oil
amonarrez@toughzap.com,apartment,1542,71,,53585,gas
amondella@funholding.com,mobile home,994,66,,25161,electric
amondella@sumace.com,house,549,72,,77336,
amondella@zathunicon.com,house,1540,73,69,95385,gas
amonterrubio@domzoom.com,mobile home,219,71,73,38017,
amonterrubio@dontechi.com,apartment,88,67,68,76210,electric
amorasca@betatech.com,apartment,457,73,75,26714,electric
amorocco@conecom.com,apartment,525,76,72,22408,fuel oil
amorocco@rantouch.com,apartment,773,,71,33035,"electric,steam"
amoyd@betatech.com,house,1351,71,,65672,gas
amugnolo@j-texon.com,apartment,555,,74,27626,"electric,gas"
amulqueen@silis.com,mobile home,223,68,,95032,
amyricks@konmatfix.com,house,1157,,,66741,
amyricks@sonron.com,house,1549,78,74,20111,gas
anabours@bioholding.com,townhome,629,72,73,8854,electric
anewville@newex.com,house,799,72,71,37857,gas
anewville@sunnamplex.com,house,1072,72,,7092,
anewville@warephase.com,house,1160,73,,89018,electric
anicka@zotware.com,apartment,659,73,76,57188,electric
anievas@hottechi.com,townhome,1371,73,72,23702,gas
aogg@warephase.com,house,1006,68,74,72958,gas
aoles@blackzim.com,mobile home,428,,75,46355,electric
aonofrio@conecom.com,mobile home,435,,74,18651,gas
aonofrio@yearin.com,house,628,66,75,24826,"gas,fuel oil"
aostolaza@iselectrics.com,apartment,1074,66,73,60464,"electric,gas,steam"
apadilla@iselectrics.com,apartment,547,72,,37143,"electric,gas"
apagliuca@xx-zobam.com,house,1342,68,74,92051,
apalaia@cancity.com,house,1852,70,,37779,"electric,gas"
apalaia@hatfan.com,apartment,729,73,71,20138,fuel oil
aparlato@doncon.com,townhome,1613,73,,70569,electric
aparlato@groovestreet.com,mobile home,215,74,72,37243,gas
aparvis@blackzim.com,apartment,196,64,75,92283,electric
aparvis@groovestreet.com,townhome,821,,74,32956,"electric,gas"
apedrozo@silis.com,apartment,1409,73,,93279,fuel oil
apelkowski@warephase.com,mobile home,372,78,75,71452,gas
aperez@sonron.com,condominium,901,73,70,72840,gas
apoquette@faxquote.com,house,3477,73,69,47958,
apoquette@goodsilron.com,house,2288,77,73,8057,
apugh@lexiqvolax.com,mobile home,342,73,,33776,electric
aradde@plussunin.com,apartment,1047,76,,64109,fuel oil
aradde@scottech.com,house,572,76,71,78041,electric
arantanen@golddex.com,apartment,798,,73,91124,gas
arantanen@singletechno.com,mobile home,450,72,73,49919,"electric,gas,fuel oil"
arauser@fasehatice.com,townhome,2570,71,,31569,"electric,gas,fuel oil"
araymo@funholding.com,apartment,1380,73,73,30161,
araymo@rundofase.com,house,890,67,76,88268,electric
araymo@statholdings.com,apartment,508,73,,17885,gas
aregusters@lexiqvolax.com,house,1441,75,,57730,"gas,steam"
areiber@scottech.com,townhome,2815,77,,27542,"electric,fuel oil"
arestrepo@zumgoity.com,house,1463,70,74,45363,"electric,gas,fuel oil"
arhoden@zathunicon.com,condominium,1583,,76,3057,"electric,gas,fuel oil"
arhym@plexzap.com,house,121,66,,21045,"electric,steam,fuel oil"
ariden@hatfan.com,house,645,73,73,33166,
ariopelle@mathtouch.com,house,1752,75,73,68325,"electric,gas"
arochin@toughzap.com,apartment,829,71,,89434,steam
arodefer@sumace.com,apartment,2328,71,,22454,fuel oil
arodeigues@codehow.com,condominium,171,78,72,10309,"electric,fuel oil"
arowling@stanredtax.com,apartment,810,,73,8406,"electric,fuel oil"
arulapaugh@labdrill.com,house,684,76,71,80932,steam
arulapaugh@zoomit.com,house,2298,72,,97394,fuel oil
aryser@groovestreet.com,house,566,72,71,15931,
asama@zoomit.com,house,2188,72,,75354,
asaras@green-plus.com,apartment,1926,75,69,78294,"electric,gas"
asaulter@codehow.com,house,751,69,70,794,"electric,fuel oil"
asawchuk@hottechi.com,mobile home,423,67,,32596,gas
asaylors@golddex.com,apartment,821,73,73,46777,gas
asaylors@rantouch.com,house,1232,72,73,67626,gas
asaylors@sunnamplex.com,apartment,1409,70,,99786,electric
asaylors@zumgoity.com,house,675,73,,47716,
ascheyer@ontomedia.com,townhome,1869,75,72,60653,"gas,steam"
ascheyer@ron-tech.com,townhome,2642,69,72,49665,"electric,gas"
aschieler@ron-tech.com,house,2467,67,71,18078,"electric,gas,fuel oil"
aschmaltz@scotfind.com,apartment,369,71,,95563,electric
aschmaltz@zencorporation.com,house,1459,75,,74014,electric
aschnitzler@fasehatice.com,apartment,903,67,,78053,"electric,gas"
aschoeneck@finjob.com,house,1323,76,70,25988,
aschoeneck@scottech.com,apartment,977,73,71,36052,"electric,gas"
ascriven@hatfan.com,mobile home,570,,71,66830,"electric,gas"
aseewald@conecom.com,house,2436,75,70,10590,"electric,gas"
aseewald@doncon.com,house,1320,65,73,76124,"electric,steam"
asengbusch@fasehatice.com,townhome,1878,,70,47858,
asergi@labdrill.com,apartment,1039,77,71,65251,electric
asergi@stanredtax.com,condominium,2654,,71,75169,
ashadrick@zumgoity.com,mobile home,147,73,73,38780,"electric,gas,fuel oil"
ashin@zoomit.com,apartment,39,69,73,34729,"gas,fuel oil"
asilvestrini@plussunin.com,house,1330,71,,92552,"electric,steam"
asilvestrini@sunnamplex.com,house,2060,68,74,14812,electric
asimilton@dontechi.com,house,2172,,73,46570,
asimilton@plussunin.com,house,1871,71,,20047,electric
askulski@blackzim.com,house,1652,67,70,18932,gas
askulski@ontomedia.com,apartment,367,71,73,19451,gas
askursky@j-texon.com,apartment,857,,72,2661,gas
aslayton@year-job.com,apartment,131,70,73,3864,electric
aslusarski@iselectrics.com,apartment,751,72,74,76233,"gas,steam"
aspickerman@labdrill.com,townhome,693,66,73,44735,electric
aspickerman@year-job.com,house,1792,72,70,30187,"gas,fuel oil"
astaback@kinnamplus.com,townhome,1590,76,69,49782,electric
astem@toughzap.com,apartment,55,76,72,35580,
astenseth@ontomedia.com,mobile home,645,,72,36371,electric
astenseth@plusstrip.com,condominium,1807,,75,68816,electric
astenseth@stanredtax.com,house,1124,66,71,44690,"electric,gas"
astimmel@bioholding.com,apartment,1545,74,74,43722,"electric,gas"
astimmel@ganjaflex.com,apartment,144,76,68,65264,"gas,steam"
astoltzman@blackzim.com,apartment,86,74,75,67475,"electric,fuel oil"
astoltzman@domzoom.com,condominium,753,66,71,87499,"electric,gas"
astoltzman@zotware.com,house,3772,74,,70752,
astorment@statholdings.com,house,805,67,69,22645,"electric,gas,fuel oil"
astrassner@faxquote.com,apartment,43,69,73,21679,electric
asweigard@fasehatice.com,apartment,909,69,,23225,
ategarden@treequote.com,house,2454,76,73,28081,electric
atheodorov@fasehatice.com,condominium,1922,,,15936,
atoelkes@dontechi.com,house,987,78,,40724,"electric,gas"
atolfree@plexzap.com,house,748,71,72,82190,
atreston@condax.com,house,1294,71,73,82832,
atromblay@j-texon.com,townhome,815,76,76,49916,electric
atromblay@xx-holding.com,house,1393,,71,20053,
aturinetti@j-texon.com,townhome,1028,,71,78738,
aturinetti@scotfind.com,apartment,2226,70,72,57301,gas
aupthegrove@fasehatice.com,townhome,704,67,,21677,steam
aupthegrove@hatfan.com,house,2658,76,,30285,"gas,fuel oil"
auyetake@sonron.com,apartment,529,71,76,30810,"electric,gas,fuel oil"
auyetake@toughzap.com,apartment,529,68,,25901,"electric,gas,fuel oil"
avanausdal@streethex.com,apartment,1171,71,75,80161,
avanheusen@cancity.com,apartment,95,69,74,27291,"electric,fuel oil"
avanheusen@finjob.com,condominium,2383,73,69,50350,fuel oil
avenere@fasehatice.com,townhome,1189,75,73,74423,gas
avizarro@bioholding.com,apartment,146,74,73,22720,
avizarro@ganjaflex.com,mobile home,174,76,,42044,
awardrip@golddex.com,townhome,641,73,,3803,
awaycott@ganjaflex.com,condominium,1606,73,73,74425,electric
aweglarz@warephase.com,condominium,459,75,76,25927,
aweight@cancity.com,apartment,1293,76,75,42565,electric
aweirather@funholding.com,house,788,75,74,27361,"electric,fuel oil"
awenner@bioplex.com,townhome,1321,73,76,98401,electric
awhobrey@zathunicon.com,house,1391,,70,7621,
awiklund@gogozoom.com,condominium,1502,69,,1770,gas
awiklund@kan-code.com,apartment,414,73,71,53074,electric
awildfong@faxquote.com,house,1253,64,74,47863,"electric,steam"
aworlds@ganjaflex.com,house,1425,,74,86544,
aworlds@plussunin.com,house,4834,74,,5648,gas
aworlds@stanredtax.com,house,2654,75,,56563,"electric,gas"
awrinkles@statholdings.com,apartment,454,67,,22663,electric
azagen@plussunin.com,apartment,1175,,74,19310,"electric,gas,steam"
azane@zencorporation.com,apartment,935,,70,13803,"electric,gas"
azepp@zencorporation.com,house,553,74,73,12220,"electric,fuel oil"
azurcher@codehow.com,house,1955,,75,18449,gas
bacey@hottechi.com,house,523,71,72,91335,gas
bacuff@groovestreet.com,house,1284,64,72,71935,
bagramonte@zumgoity.com,house,1920,70,70,21903,
bahle@golddex.com,house,2821,74,72,78623,"electric,gas,fuel oil"
bahle@stanredtax.com,house,1628,71,71,1526,gas
balbares@hatfan.com,townhome,1006,75,72,54449,
bangalich@xx-zobam.com,house,1598,71,,99677,
barias@silis.com,condominium,1025,76,73,68868,steam
basar@fasehatice.com,townhome,2148,,74,45211,
bbachman@y-corporation.com,apartment,744,71,75,8825,"gas,fuel oil"
bbayless@konex.com,apartment,828,72,71,48106,"electric,gas"
bbeech@scottech.com,apartment,1285,69,75,46012,gas
bbenimadho@dalttechnology.com,condominium,1414,75,,76449,gas
bbenimadho@funholding.com,apartment,1214,69,71,95527,
bberganza@streethex.com,mobile home,499,73,68,85712,electric
bbergesen@groovestreet.com,condominium,1009,69,73,76707,electric
bbevelacqua@hottechi.com,apartment,566,64,73,94619,"electric,gas,fuel oil"
bbilden@domzoom.com,house,561,71,73,39359,electric
bbirkner@warephase.com,apartment,78,,71,23607,electric
bblackwood@isdom.com,house,621,78,,92316,
bblackwood@rangreen.com,apartment,3254,71,,7839,
bboulter@dalttechnology.com,apartment,748,76,71,47729,electric
bbowley@hatfan.com,apartment,1178,68,71,64058,
bbreland@plusstrip.com,house,2146,66,,54610,fuel oil
bbreland@zathunicon.com,house,722,69,74,57745,electric
bbrossart@konex.com,townhome,1877,73,,32187,"gas,steam"
bbrossart@toughzap.com,apartment,137,76,74,87010,
bbruschke@cancity.com,house,971,,74,26618,electric
bbubash@cancity.com,apartment,998,67,72,44050,electric
bbutt@bioholding.com,mobile home,581,,73,37148,gas
bcalvaresi@codehow.com,townhome,625,66,71,74046,electric
bcampain@gogozoom.com,house,690,76,,60151,"electric,gas"
bcanlas@donware.com,townhome,1909,74,71,60014,electric
bcanlas@green-plus.com,condominium,293,73,,71202,
bcantres@donware.com,house,2775,67,72,98859,
bcentini@hottechi.com,house,3104,76,75,2295,gas
bcetta@singletechno.com,apartment,1218,72,72,66830,gas
bchaffins@hottechi.com,apartment,511,,73,54407,fuel oil
bchavous@kinnamplus.com,apartment,766,77,,49036,gas
bchavous@statholdings.com,apartment,1173,71,73,31759,
bchickering@scotfind.com,house,802,74,74,77290,gas
bcloney@groovestreet.com,apartment,656,73,71,78658,"electric,fuel oil"
bcolla@golddex.com,house,1220,75,,56252,gas
bcolla@mathtouch.com,house,2317,,69,35463,electric
bcorbley@singletechno.com,townhome,1323,73,75,28123,"electric,gas"
bcorrio@sunnamplex.com,apartment,1606,77,73,33233,electric
bcousey@nam-zim.com,apartment,1853,,,34691,"gas,fuel oil"
bcousey@statholdings.com,house,2122,,74,37111,gas
bcousey@treequote.com,apartment,1060,76,73,40037,"electric,fuel oil"
bcoyier@labdrill.com,apartment,1168,75,70,2668,"electric,gas,fuel oil"
bdaufeldt@lexiqvolax.com,townhome,1705,74,,47346,
bdelasancha@warephase.com,apartment,1356,73,72,18462,"steam,fuel oil"
bdeleo@scotfind.com,townhome,201,,73,45620,
bdevreese@streethex.com,townhome,696,67,73,24448,steam
bdewar@fasehatice.com,apartment,976,70,74,49279,electric
bdhamer@mathtouch.com,house,1136,73,75,77483,electric
bdorshorst@plusstrip.com,apartment,888,65,74,10106,fuel oil
bdubaldi@lexiqvolax.com,apartment,440,70,74,48519,electric
bdubaldi@newex.com,apartment,3853,68,72,97448,"electric,gas,fuel oil"
beanes@dontechi.com,house,660,73,70,4863,electric
beanes@j-texon.com,mobile home,279,74,69,68823,electric
beanes@y-corporation.com,house,654,,,82428,"electric,fuel oil"
bemigh@bioholding.com,apartment,362,73,69,38195,"electric,gas"
bennaco@dalttechnology.com,condominium,532,71,76,48862,fuel oil
beschberger@stanredtax.com,apartment,1286,71,72,85940,"electric,gas"
bestell@condax.com,apartment,421,77,71,1037,"electric,steam,fuel oil"
bfallick@funholding.com,apartment,1031,74,73,58068,"electric,fuel oil"
bfallick@rangreen.com,mobile home,46,73,,3047,"electric,gas"
bfarrar@lexiqvolax.com,apartment,522,67,70,49812,"gas,fuel oil"
bfarrow@gogozoom.com,apartment,1103,77,,71742,electric
bfeichtner@goodsilron.com,house,762,66,,29666,electric
bfelger@silis.com,house,1231,68,75,97490,electric
bfelger@year-job.com,apartment,838,66,68,10527,gas
bferencz@isdom.com,house,1563,67,76,77598,electric
bfern@dalttechnology.com,townhome,1031,72,,56116,"electric,gas"
bfishburne@donware.com,house,967,72,,32725,gas
bfortino@green-plus.com,house,1932,,72,3838,"electric,gas"
bfrancescon@finhigh.com,house,630,76,73,45663,"electric,gas,fuel oil"
bfrancescon@toughzap.com,townhome,1477,72,68,47390,
bfrancescon@yearin.com,house,1738,65,73,45389,"electric,steam"
bfrankel@sunnamplex.com,condominium,3063,66,74,92191,
bfrankel@zencorporation.com,apartment,894,76,72,39045,
bgiguere@bioholding.com,apartment,1121,77,,91769,gas
bgiguere@zencorporation.com,house,937,72,,76049,gas
bgillaspie@dambase.com,apartment,1070,69,,11942,gas
bglick@kinnamplus.com,house,1520,66,75,21503,
bgochal@scotfind.com,apartment,4433,69,74,93423,electric
bgochal@year-job.com,mobile home,315,,73,27349,gas
bgood@green-plus.com,house,1086,76,73,87750,"gas,steam"
bgreenbush@cancity.com,apartment,791,65,72,68743,"electric,gas,fuel oil"
bhagele@funholding.com,condominium,665,68,72,38041,"electric,fuel oil"
bhagele@opentech.com,house,232,72,70,74727,
bhagele@plexzap.com,house,827,75,73,59460,gas
bhalter@rangreen.com,townhome,1379,,,71933,
bhalter@rundofase.com,apartment,584,,,16335,"electric,gas"
bharabedian@donquadtech.com,house,2248,72,74,46063,gas
bheimann@zencorporation.com,townhome,1132,76,73,43510,electric
bhengel@mathtouch.com,townhome,803,66,,99829,electric
bhiatt@ganjaflex.com,apartment,915,73,72,52215,
bhirpara@openlane.com,condominium,703,76,73,37857,"electric,gas"
bhoneywell@gogozoom.com,condominium,2124,66,70,43158,electric
bhoogland@finjob.com,apartment,1383,73,72,7040,"electric,fuel oil"
bhoogland@lexiqvolax.com,condominium,452,74,73,99036,"electric,gas"
bhoogland@plussunin.com,condominium,706,73,,67954,
bhudnall@zoomit.com,house,1448,71,,73092,fuel oil
bjuhas@hottechi.com,house,968,76,,92410,electric
bjulia@bioplex.com,mobile home,289,76,71,98004,gas
bjuvera@cancity.com,apartment,509,72,70,60679,gas
bkalafatis@kinnamplus.com,apartment,698,,,1546,gas
bkampa@betatech.com,apartment,1085,72,71,26332,fuel oil
bkampa@labdrill.com,mobile home,407,67,72,30215,electric
bkannady@yearin.com,mobile home,199,73,72,32898,"electric,gas"
bkeener@donware.com,apartment,788,67,73,44270,"electric,steam"
bkeener@groovestreet.com,house,981,74,,10987,electric
bkeener@j-texon.com,apartment,1465,69,73,70076,"electric,gas"
bkiel@betatech.com,house,139,74,74,77423,gas
bkiel@stanredtax.com,apartment,692,69,70,70740,electric
bkippley@cancity.com,house,2653,67,74,57189,electric
bkippley@codehow.com,apartment,407,75,69,17730,
bkippley@groovestreet.com,apartment,993,70,74,59420,electric
bkippley@labdrill.com,condominium,691,71,72,66776,"electric,fuel oil"
bklonowski@nam-zim.com,house,731,72,,66054,electric
bknipp@sumace.com,apartment,457,73,72,53570,"gas,fuel oil"
bkohl@yearin.com,house,1463,,,68304,electric
bkoppinger@rangreen.com,apartment,1765,,,74369,electric
bkownacki@zencorporation.com,house,1122,69,75,82703,"electric,gas"
blacovara@zathunicon.com,condominium,554,74,69,83642,"gas,fuel oil"
blary@year-job.com,mobile home,230,77,73,93483,steam
blawler@plusstrip.com,condominium,529,66,75,75790,gas
bleinenbach@dontechi.com,apartment,555,67,73,55349,"electric,steam"
blinahan@mathtouch.com,mobile home,429,,71,75141,fuel oil
blipke@donware.com,house,1743,69,75,21203,fuel oil
blipke@rundofase.com,townhome,2397,68,74,65530,"electric,gas"
blipkin@donware.com,house,1868,76,,52765,"electric,gas"
blizama@zathunicon.com,apartment,859,67,74,65486,electric
blother@j-texon.com,house,1455,75,73,45003,"electric,gas"
blouissant@blackzim.com,house,777,74,68,27927,"electric,gas"
blouissant@j-texon.com,apartment,507,70,74,17026,fuel oil
bluczki@domzoom.com,house,1310,76,72,88044,"electric,gas"
blueckenbach@finhigh.com,house,2612,71,73,80035,"electric,gas"
blueckenbach@treequote.com,apartment,984,75,74,91108,electric
blungren@zotware.com,house,1318,68,,18601,electric
bmaclead@streethex.com,house,2679,76,73,50551,gas
bmadarang@isdom.com,house,1323,76,74,55073,electric
bmadarang@konmatfix.com,apartment,1205,75,75,58324,"gas,fuel oil"
bmallett@konmatfix.com,condominium,137,67,,52568,fuel oil
bmanno@domzoom.com,house,258,72,,56715,electric
bmartabano@fasehatice.com,apartment,680,,73,47236,gas
bmastella@kan-code.com,mobile home,354,69,74,60567,"electric,gas"
bmaynerich@faxquote.com,apartment,668,76,73,97523,gas
bmclaird@hatfan.com,apartment,1285,,73,45682,electric
bmcnease@cancity.com,condominium,2194,73,74,79097,"electric,gas"
bmcnease@silis.com,house,679,70,,56369,gas
bmcnease@singletechno.com,apartment,85,74,,43356,"electric,fuel oil"
bmeteer@dalttechnology.com,house,223,71,70,49077,gas
bmirafuentes@plexzap.com,apartment,849,73,70,66901,"electric,steam"
bmontezuma@donware.com,mobile home,33,75,71,83874,electric
bmulqueen@dalttechnology.com,house,2100,69,72,40622,electric
bmunns@newex.com,townhome,1554,76,,7630,gas
bmyricks@green-plus.com,condominium,995,73,,38055,"gas,fuel oil"
bnestle@xx-holding.com,apartment,428,74,,29936,electric
bnievas@iselectrics.com,townhome,1179,72,72,68301,"electric,gas"
bnievas@ontomedia.com,condominium,2266,73,73,45211,electric
bostrosky@codehow.com,house,2313,74,,74630,electric
bpadilla@zathunicon.com,townhome,1118,71,,66538,
bpagliuca@bioplex.com,house,1207,76,74,6108,"electric,gas"
bparlato@streethex.com,house,681,73,75,5905,electric
bpedrozo@kan-code.com,townhome,1086,65,72,93502,"electric,gas,fuel oil"
bplumer@labdrill.com,apartment,679,65,,15237,electric
bpoullion@bioholding.com,house,1238,72,74,29622,"electric,gas"
bpugh@opentech.com,condominium,1694,73,,65785,gas
bregusters@domzoom.com,apartment,717,70,76,60691,"electric,gas"
brentfro@green-plus.com,mobile home,218,72,73,4982,"electric,gas"
brhymes@funholding.com,apartment,905,75,71,11217,electric
briden@opentech.com,house,501,69,73,41037,"electric,steam"
brim@groovestreet.com,townhome,787,71,71,65565,"electric,gas,fuel oil"
briopelle@donquadtech.com,condominium,2443,69,71,17851,
bruta@faxquote.com,condominium,666,74,73,83111,
bryser@zotware.com,apartment,803,66,,58645,"electric,gas"
bsamara@konmatfix.com,house,1403,72,,79943,fuel oil
bsaras@golddex.com,apartment,1688,,74,18453,"gas,steam,fuel oil"
bsarbacher@mathtouch.com,mobile home,192,72,70,28092,
bsarbacher@newex.com,townhome,1463,70,74,97039,"electric,fuel oil"
bsayaphon@funholding.com,condominium,52,73,75,69334,"electric,gas"
bsayaphon@sunnamplex.com,townhome,1325,67,72,21822,gas
bschirpke@donquadtech.com,townhome,1187,73,76,67464,gas
bschirpke@donware.com,townhome,817,76,72,4646,"electric,gas"
bschirpke@goodsilron.com,apartment,1023,77,,45113,electric
bscipione@donquadtech.com,condominium,751,69,73,64433,gas
bscipione@silis.com,apartment,1246,68,75,13042,"electric,gas"
bsergi@dontechi.com,apartment,900,76,72,17007,fuel oil
bshadrick@lexiqvolax.com,house,1792,,,35453,electric
bshields@yearin.com,townhome,1932,,,37310,
bshire@sonron.com,mobile home,39,71,,66601,
bsilvestrini@cancity.com,house,950,76,69,2805,
bsimilton@opentech.com,mobile home,694,,72,93727,steam
bskulski@kinnamplus.com,apartment,2342,68,,19495,gas
bskursky@ron-tech.com,apartment,527,76,75,32125,"electric,steam"
bslusarski@donquadtech.com,apartment,501,69,,13088,
bspickerman@domzoom.com,mobile home,177,69,69,60933,electric
bspringe@betatech.com,apartment,1008,75,70,50436,gas
bspringe@funholding.com,apartment,248,69,72,48849,gas
bsteffensmeier@y-corporation.com,mobile home,755,75,,36142,
bsteffensmeier@year-job.com,house,87,66,,66738,steam
bsteier@fasehatice.com,apartment,753,76,,11518,
bstimmel@inity.com,apartment,641,,,16353,fuel oil
bstoltzman@green-plus.com,house,2476,64,74,38339,"electric,gas,fuel oil"
bstoltzman@plusstrip.com,house,1267,,72,98524,gas
bsuell@inity.com,house,1537,,,27923,"electric,gas,fuel oil"
bsuell@plexzap.com,apartment,723,,,85920,"electric,gas"
bsuffield@finjob.com,townhome,906,67,74,44630,
bsweigard@nam-zim.com,townhome,1570,70,,18638,electric
bsyrop@domzoom.com,townhome,2230,77,68,48465,
btheodorov@opentech.com,house,99,,72,47976,fuel oil
bthyberg@labdrill.com,townhome,193,67,73,61634,
btillotson@sonron.com,mobile home,157,,69,34473,gas
btjepkema@plussunin.com,apartment,425,,71,16870,electric
btollner@streethex.com,mobile home,1081,70,72,33004,electric
btomasulo@green-plus.com,house,1978,75,71,77471,
btreston@ron-tech.com,apartment,357,77,71,33460,electric
btromblay@funholding.com,house,2048,69,,11356,electric
bturinetti@zathunicon.com,apartment,1474,70,72,76882,electric
bupthegrove@blackzim.com,apartment,442,72,,11969,fuel oil
bvarriano@codehow.com,condominium,1142,,71,19319,electric
bvenere@labdrill.com,apartment,390,70,,48434,"electric,gas,fuel oil"
bvillanueva@funholding.com,condominium,1439,68,73,56578,steam
bvinning@hottechi.com,apartment,1152,76,71,61730,
bvocelka@isdom.com,apartment,466,70,,96022,gas
bwalthall@statholdings.com,house,813,,76,70002,"electric,gas"
bwardrip@fasehatice.com,apartment,790,70,,49921,"gas,steam,fuel oil"
bweight@zoomit.com,house,1516,75,75,31565,"electric,steam,fuel oil"
bweirather@donquadtech.com,townhome,85,69,74,71135,"electric,gas,steam"
bweirather@ganjaflex.com,house,703,76,73,5076,electric
bwenzinger@ontomedia.com,apartment,1969,72,,73622,electric
bwide@lexiqvolax.com,mobile home,162,77,74,28579,
bwieser@nam-zim.com,apartment,2092,70,75,77079,"electric,gas"
bwildfong@xx-zobam.com,townhome,1964,70,,29831,electric
bwitten@green-plus.com,apartment,2029,71,72,65067,electric
bwolny@hottechi.com,townhome,54,,,67233,
byaw@xx-holding.com,mobile home,254,69,,7860,electric
byori@golddex.com,apartment,499,,72,62215,"steam,fuel oil"
byum@finhigh.com,townhome,878,,,88264,"electric,fuel oil"
bzagen@dambase.com,mobile home,258,70,74,60110,gas
cabdallah@dambase.com,condominium,162,70,74,93955,electric
cacey@sonron.com,condominium,2043,74,73,76429,"gas,fuel oil"
cacuff@codehow.com,house,2596,77,72,59053,
cacuff@fasehatice.com,house,641,75,,21686,gas
cadkin@plusstrip.com,townhome,603,73,72,73099,fuel oil
cahle@fasehatice.com,townhome,1416,70,,59351,"electric,gas,steam"
cahle@newex.com,apartment,551,71,,47920,gas
cahle@ontomedia.com,apartment,976,76,75,95205,fuel oil
calbares@rantouch.com,apartment,861,78,73,98850,"electric,gas"
calbares@zencorporation.com,mobile home,685,,,97341,"electric,gas"
camigon@lexiqvolax.com,townhome,1285,73,70,72379,electric
camigon@plexzap.com,apartment,1063,71,75,79918,"electric,gas,fuel oil"
camyot@finhigh.com,townhome,607,71,74,18445,electric
candreason@streethex.com,apartment,1129,68,,7062,"electric,gas"
cangalich@codehow.com,apartment,1106,73,70,41839,electric
cangalich@lexiqvolax.com,townhome,587,75,72,73196,"electric,gas"
cangalich@xx-zobam.com,townhome,1869,,70,6101,"electric,gas"
carceo@bioplex.com,townhome,1288,75,70,54152,"electric,gas"
carceo@codehow.com,apartment,398,74,75,46748,electric
caredondo@konmatfix.com,apartment,319,76,71,73832,gas
cauber@groovestreet.com,mobile home,73,69,69,53102,"electric,gas"
cauffrey@fasehatice.com,apartment,407,72,74,38621,"electric,gas"
cauffrey@hottechi.com,apartment,1170,73,74,80135,gas
cbarfield@fasehatice.com,house,1470,71,71,66628,gas
cbarfield@iselectrics.com,house,2220,75,71,99005,
cbatman@green-plus.com,apartment,1077,74,,75762,
cbayless@silis.com,house,1974,67,71,62871,gas
cbeech@cancity.com,townhome,76,75,,59484,gas
cbeech@zencorporation.com,apartment,846,,,60448,gas
cbennick@blackzim.com,condominium,409,78,,75240,electric
cbennick@toughzap.com,house,1145,76,72,18333,"electric,gas"
cberganza@zathunicon.com,house,1732,69,74,50428,fuel oil
cbergesen@ron-tech.com,house,2064,,70,84701,
cberlanga@groovestreet.com,apartment,1082,73,69,37871,"electric,gas"
cberray@openlane.com,apartment,601,76,70,28311,electric
cbevelacqua@codehow.com,townhome,1273,71,,34747,electric
cbevelacqua@plusstrip.com,house,788,70,75,8905,
cbiddy@j-texon.com,house,776,72,71,77063,
cbirkner@hottechi.com,house,1372,,,91340,
cblackwood@ontomedia.com,apartment,833,73,,57700,gas
cboord@finjob.com,townhome,1951,,76,17407,"electric,fuel oil"
cboord@toughzap.com,apartment,1506,75,74,10520,"electric,gas"
cboulter@condax.com,house,679,69,73,34142,steam
cboulter@finhigh.com,apartment,869,70,73,44132,fuel oil
cbrachle@goodsilron.com,townhome,666,67,,54489,electric
cbrossart@nam-zim.com,condominium,171,74,,94534,gas
cbruschke@doncon.com,apartment,1287,78,71,53808,
cbruschke@ontomedia.com,apartment,435,72,,6106,"electric,gas"
cbuemi@streethex.com,house,2269,,69,48466,
cburnard@opentech.com,condominium,1820,,73,70355,"electric,gas"
cburnard@year-job.com,house,718,69,,97435,
cbutzen@faxquote.com,townhome,1216,,74,58854,"electric,gas"
cbutzen@inity.com,townhome,2447,,72,98444,gas
cbuvens@sumace.com,condominium,1490,68,,48212,"electric,gas,steam"
cbuzick@fasehatice.com,mobile home,424,71,73,75759,
cbuzick@plussunin.com,apartment,914,73,73,95564,electric
ccaiafa@iselectrics.com,townhome,1625,74,,62893,
ccaldarera@dalttechnology.com,condominium,814,76,70,58216,gas
ccaldarera@iselectrics.com,townhome,1278,75,73,12304,"electric,fuel oil"
ccallaro@stanredtax.com,house,1790,67,,65681,gas
ccalvaresi@rantouch.com,apartment,1826,76,,83276,"electric,fuel oil"
ccampain@dambase.com,condominium,464,72,,96160,electric
ccampain@sonron.com,townhome,1084,73,75,29835,"electric,gas,fuel oil"
ccampain@zumgoity.com,apartment,471,68,74,19032,
ccandlish@nam-zim.com,apartment,699,,,33569,
ccandlish@rangreen.com,house,1321,72,74,31205,fuel oil
ccastros@ron-tech.com,townhome,1489,70,71,55722,
ccaudy@goodsilron.com,house,665,74,73,67416,"electric,gas"
ccaudy@zathunicon.com,apartment,653,74,70,43320,electric
ccetta@rundofase.com,condominium,2001,77,,23691,fuel oil
cchaffins@ganjaflex.com,mobile home,194,66,72,42403,"electric,fuel oil"
cchickering@plexzap.com,townhome,1147,74,,59641,electric
cchickering@rantouch.com,house,1516,75,72,84050,"electric,gas"
cchui@donware.com,apartment,99,71,,39042,
cchui@ganjaflex.com,house,1360,74,,10278,electric
cchui@scotfind.com,condominium,614,75,,57357,"electric,gas"
cclaucherty@singletechno.com,house,1149,75,73,58440,
ccolaizzo@scotfind.com,house,1498,74,72,4066,electric
ccolaizzo@scottech.com,mobile home,41,70,72,21916,electric
ccolaizzo@warephase.com,apartment,1220,74,72,98505,gas
ccoody@singletechno.com,house,1853,75,73,2822,"electric,fuel oil"
ccookey@treequote.com,house,600,74,75,44276,"electric,steam"
ccorrio@zathunicon.com,house,2435,75,,13631,"electric,gas,fuel oil"
ccoyier@lexiqvolax.com,apartment,1275,76,73,79016,
ccoyier@plexzap.com,apartment,1706,,72,70359,"electric,gas"
ccrupi@golddex.com,apartment,1245,65,74,74444,gas
ccrupi@inity.com,apartment,1090,73,70,53206,electric
ccryer@betasoloin.com,apartment,1984,76,,76693,
ccryer@bioholding.com,apartment,64,,,22947,"electric,gas"
cdallen@opentech.com,mobile home,729,76,72,61263,electric
cdallen@scotfind.com,house,1464,76,,7461,electric
cdallen@singletechno.com,townhome,2948,69,71,85324,electric
cdaufeldt@scotfind.com,house,1562,75,,27299,electric
cdegonia@betatech.com,apartment,590,,75,99745,fuel oil
cdegonia@zathunicon.com,apartment,332,76,,45324,"electric,fuel oil"
cdegroot@faxquote.com,house,1570,,73,89409,
cdegroot@newex.com,apartment,3090,74,72,49055,"electric,gas"
cdelasancha@betasoloin.com,apartment,595,69,72,7302,"gas,fuel oil"
cdelasancha@green-plus.com,apartment,747,71,,28329,electric
cdelasancha@streethex.com,apartment,1578,71,73,21529,
cdeleo@zoomit.com,apartment,1050,68,,97077,"electric,fuel oil"
cdemesa@ron-tech.com,apartment,1037,,,77235,electric
cdenooyer@bioholding.com,apartment,372,72,73,46283,"electric,fuel oil"
cdenooyer@konmatfix.com,house,97,74,76,24985,fuel oil
cdevreese@streethex.com,condominium,1541,,,88314,
cdevreese@toughzap.com,apartment,1025,72,74,98448,electric
cdickerson@labdrill.com,mobile home,22,75,71,28209,electric
cdickerson@singletechno.com,house,4997,75,72,54052,fuel oil
cdilliard@blackzim.com,apartment,1806,72,,68144,electric
cdinos@donquadtech.com,house,558,70,,26757,
cdinos@faxquote.com,house,1351,70,73,71662,"electric,gas"
cdinos@nam-zim.com,house,593,66,,48754,electric
cdiscipio@faxquote.com,apartment,867,,,17047,"electric,gas"
cdiscipio@y-corporation.com,apartment,705,69,73,53103,electric
cdopico@isdom.com,apartment,1168,,72,31031,gas
cdopico@scottech.com,house,1363,,70,79350,electric
cdubaldi@donquadtech.com,house,692,70,75,18351,"gas,fuel oil"
cduenas@newex.com,condominium,660,67,,50271,gas
cduenas@ontomedia.com,condominium,1365,73,70,57003,electric
cduenas@zotware.com,house,620,71,73,32214,"electric,gas,steam"
cehmann@betasoloin.com,townhome,107,75,72,99568,electric
cehmann@opentech.com,house,1159,67,,23519,gas
cemigh@dalttechnology.com,house,468,71,71,17211,
cengelberg@hottechi.com,mobile home,42,,75,50105,"electric,gas"
ceroman@plusstrip.com,townhome,1045,74,74,41605,gas
ceschberger@zumgoity.com,apartment,503,75,75,47870,
cfarrow@cancity.com,townhome,1471,,76,95640,gas
cfarrow@scottech.com,townhome,1066,69,,31319,electric
cferencz@golddex.com,house,1373,,,58438,electric
cfern@gogozoom.com,condominium,48,70,74,47586,"gas,fuel oil"
cferrario@finhigh.com,apartment,198,71,,29706,
cfishburne@betasoloin.com,apartment,549,73,72,56090,gas
cflosi@stanredtax.com,condominium,499,75,69,65627,
cfortino@mathtouch.com,house,1639,74,73,2832,"gas,fuel oil"
cfrancescon@donquadtech.com,apartment,430,76,,60516,"electric,gas"
cfrankel@dambase.com,house,1096,76,73,56762,electric
cfrankel@isdom.com,townhome,1960,74,,39635,electric
cfrankel@stanredtax.com,house,124,67,,17064,"gas,steam"
cfrerking@rantouch.com,mobile home,499,76,75,18109,electric
cfrey@ron-tech.com,townhome,2706,75,74,22134,
cfrey@zoomit.com,house,736,66,73,13345,electric
cfunnell@silis.com,townhome,187,73,72,17080,gas
cgarufi@finjob.com,house,1515,70,,48803,"electric,gas,fuel oil"
cgehrett@betasoloin.com,mobile home,192,,74,80651,
cgehrett@fasehatice.com,apartment,1174,72,75,65339,gas
cgehrett@isdom.com,house,1548,78,75,65557,"electric,gas,steam"
cgellinger@stanredtax.com,apartment,766,74,,47093,
cgellinger@treequote.com,apartment,1212,66,,66870,"electric,gas"
cgellinger@zotware.com,apartment,386,73,75,16432,fuel oil
cgillian@ontomedia.com,condominium,1832,77,,91793,"electric,gas"
cgillian@opentech.com,house,62,,73,88048,
cgleich@betatech.com,townhome,203,71,,91077,"steam,fuel oil"
cglick@rantouch.com,apartment,1225,74,,95130,gas
cglick@scotfind.com,condominium,3536,72,,40161,gas
cgobern@sunnamplex.com,house,1561,75,69,13774,"electric,gas"
cgochal@konex.com,house,1917,71,74,87002,gas
cgochal@sonron.com,house,1190,71,69,19516,electric
cgochal@sunnamplex.com,house,1140,69,,40070,electric
cgotter@blackzim.com,apartment,490,78,69,48473,"electric,gas"
cgreenbush@blackzim.com,house,1081,73,70,34680,fuel oil
cgrenet@y-corporation.com,mobile home,198,,73,15145,gas
cgudroe@plexzap.com,apartment,466,73,,24360,"gas,fuel oil"
cgwalthney@isdom.com,apartment,447,72,74,3838,electric
chagele@donquadtech.com,house,1485,73,72,15722,"electric,fuel oil"
chagele@y-corporation.com,house,625,77,75,43842,"electric,fuel oil"
chalsey@dambase.com,house,1229,72,76,29178,"electric,fuel oil"
chalter@toughzap.com,house,1038,72,73,4460,"electric,gas"
chamilton@singletechno.com,townhome,251,71,72,79749,gas
charnos@blackzim.com,house,1522,75,75,21260,gas
charoldson@condax.com,apartment,1733,,74,54919,"electric,gas,fuel oil"
chauenstein@xx-zobam.com,apartment,2161,72,,37148,electric
cheimann@silis.com,house,1941,73,73,28112,"electric,fuel oil"
cheintzman@conecom.com,townhome,262,71,,68661,steam
cheintzman@zumgoity.com,apartment,951,76,,83870,
cherritt@toughzap.com,apartment,542,,73,77423,
chiatt@blackzim.com,house,1461,,73,11053,gas
chiatt@openlane.com,house,1582,,75,65680,steam
chiatt@y-corporation.com,house,1605,76,72,48021,"electric,gas"
chixenbaugh@dalttechnology.com,townhome,1020,,71,58405,"electric,gas"
chixenbaugh@yearin.com,apartment,547,71,73,74036,"electric,gas"
chochard@blackzim.com,house,90,75,73,55013,"electric,fuel oil"
choffis@opentech.com,house,1472,69,75,33314,
chollack@plusstrip.com,house,537,74,69,67751,gas
choneywell@dalttechnology.com,townhome,1294,68,73,12469,"electric,gas"
choneywell@ganjaflex.com,apartment,1222,70,74,41815,
choneywell@konex.com,apartment,1082,71,73,40241,electric
choneywell@opentech.com,apartment,2361,76,72,14048,electric
choogland@bioplex.com,apartment,1346,76,71,84713,
choogland@isdom.com,townhome,1470,,,41048,
chughey@betasoloin.com,house,128,,72,23846,"electric,gas"
chusser@bioholding.com,townhome,1268,75,,38732,"electric,gas"
chusser@dambase.com,apartment,1322,76,73,60180,gas
cisenhower@zoomit.com,townhome,1003,68,73,82335,fuel oil
citurbide@gogozoom.com,condominium,1311,72,74,91390,"electric,gas,fuel oil"
citurbide@ontomedia.com,apartment,766,73,73,52101,
cjayson@domzoom.com,apartment,383,64,70,23124,"electric,fuel oil"
cjayson@statholdings.com,mobile home,169,71,68,93745,electric
cjuhas@zoomit.com,house,693,,,98273,electric
cjuvera@donware.com,house,827,72,71,65622,"electric,gas"
ckaniecki@hatfan.com,apartment,534,,73,19381,electric
ckaniecki@openlane.com,townhome,124,71,,74058,gas
ckannady@green-plus.com,house,1691,76,71,10460,gas
ckannady@y-corporation.com,house,1065,70,76,40206,"electric,gas"
ckarpel@singletechno.com,apartment,843,74,,69169,
ckeener@inity.com,apartment,81,75,,28746,gas
ckeneipp@sonron.com,mobile home,361,65,,25173,
ckeneipp@zencorporation.com,house,143,70,,17001,
cketelsen@finhigh.com,house,1475,73,,41039,"electric,gas,steam"
ckiel@betatech.com,condominium,1078,76,75,70820,
ckiel@toughzap.com,apartment,530,75,73,48603,gas
ckines@bioholding.com,condominium,1111,74,72,25617,"electric,gas,steam"
ckines@openlane.com,condominium,933,76,,65609,
ckippley@sonron.com,house,1143,76,70,40036,
cklang@zoomit.com,house,1952,75,,24542,electric
cklusman@donware.com,apartment,1191,,70,99549,"electric,gas,steam"
cklusman@opentech.com,house,1969,74,72,32066,gas
cknipp@groovestreet.com,townhome,3080,76,71,97403,
cknipp@hottechi.com,condominium,1130,,74,32559,
ckohl@dontechi.com,house,1413,77,73,33883,gas
ckohl@scotfind.com,apartment,454,73,73,36607,"electric,gas,fuel oil"
ckonopacki@lexiqvolax.com,house,599,73,,4353,
ckoppinger@hottechi.com,apartment,1389,75,,80824,gas
ckoppinger@streethex.com,house,900,,70,42565,"electric,steam"
ckorando@labdrill.com,apartment,2401,76,72,6786,steam
ckorando@newex.com,house,2280,75,,49546,gas
ckownacki@doncon.com,house,1845,77,73,77459,
ckownacki@lexiqvolax.com,apartment,512,69,73,3601,"electric,steam"
ckulzer@silis.com,condominium,1460,70,72,58001,"electric,gas,fuel oil"
ckusko@conecom.com,mobile home,426,74,71,6474,"electric,gas,steam"
clabreche@opentech.com,apartment,601,71,69,25423,electric
clapage@toughzap.com,apartment,155,78,76,7939,gas
clapage@zumgoity.com,condominium,849,71,75,70813,electric
clawler@cancity.com,house,1216,71,,79788,electric
clawler@faxquote.com,house,1159,72,73,49822,
clawler@finhigh.com,apartment,866,,74,32576,"electric,gas,steam"
clayous@singletechno.com,house,3955,72,72,75780,gas
cleinenbach@plussunin.com,apartment,97,,,71280,electric
cleto@betatech.com,house,1859,74,74,28240,"electric,gas"
clietz@nam-zim.com,apartment,1100,75,75,4257,gas
clinahan@openlane.com,townhome,2050,76,72,43430,electric
clipke@doncon.com,apartment,611,75,,49688,"steam,fuel oil"
cliukko@inity.com,apartment,1352,66,71,12851,gas
cliukko@rantouch.com,townhome,1566,72,76,76177,electric
cloder@finjob.com,townhome,730,74,71,90220,electric
cloder@kan-code.com,mobile home,660,,,89822,
clother@treequote.com,condominium,874,72,75,13052,
clueckenbach@finhigh.com,apartment,463,71,70,21222,electric
clueckenbach@year-job.com,condominium,627,66,73,30646,electric
cmadarang@rundofase.com,townhome,2628,76,74,95210,electric
cmai@golddex.com,house,784,70,73,5049,gas
cmaillard@green-plus.com,apartment,404,73,71,42211,
cmalet@rundofase.com,condominium,1017,,69,64487,electric
cmalet@zathunicon.com,house,799,72,70,8751,"electric,gas,fuel oil"
cmallett@codehow.com,apartment,155,76,,17310,
cmallett@j-texon.com,condominium,2401,71,71,47610,gas
cmalvin@condax.com,apartment,559,,,67630,
cmarrier@conecom.com,apartment,2320,72,,8535,"electric,gas"
cmarrier@year-job.com,mobile home,199,73,73,10046,electric
cmartabano@zencorporation.com,condominium,1132,74,,49355,"gas,fuel oil"
cmastella@rantouch.com,house,1589,68,76,62796,"electric,gas"
cmatuszak@silis.com,house,2650,76,,15337,"electric,gas"
cmatuszak@xx-holding.com,townhome,1001,72,75,23960,gas
cmccullan@silis.com,house,254,73,73,77238,"electric,gas"
cmclaird@inity.com,house,2089,67,71,77404,"electric,gas"
cmeisel@conecom.com,apartment,678,73,,2726,"electric,gas"
cmeisel@sunnamplex.com,townhome,955,76,74,26285,"electric,gas"
cmelnyk@ontomedia.com,house,852,75,71,25133,electric
cmeteer@mathtouch.com,condominium,1088,76,73,72173,electric
cmiceli@conecom.com,condominium,622,70,,49077,electric
cmodzelewski@stanredtax.com,apartment,879,72,,15032,"electric,gas,fuel oil"
cmonarrez@gogozoom.com,apartment,965,,,25009,"gas,fuel oil"
cmonarrez@golddex.com,apartment,747,,74,65619,fuel oil
cmondella@warephase.com,apartment,1334,71,71,31902,"electric,gas"
cmorasca@gogozoom.com,house,1124,,,20621,"electric,gas"
cmorasca@singletechno.com,mobile home,66,70,,49056,"electric,gas,fuel oil"
cmorasca@y-corporation.com,townhome,633,,,53184,"electric,gas"
cmoyd@toughzap.com,apartment,1097,,70,18454,
cmulqueen@iselectrics.com,apartment,853,72,74,53804,"electric,fuel oil"
cmulqueen@zathunicon.com,house,1795,74,74,3270,fuel oil
cmunns@stanredtax.com,apartment,975,69,75,28133,fuel oil
cmyricks@faxquote.com,mobile home,332,70,72,28954,"electric,gas"
cneither@betatech.com,apartment,956,72,73,8039,steam
cnestle@stanredtax.com,apartment,1917,,,80201,electric
cnestle@xx-holding.com,house,2718,,70,20099,gas
cnewville@ron-tech.com,townhome,1335,76,,63344,gas
cnicka@codehow.com,apartment,509,,72,48225,gas
cnunlee@streethex.com,mobile home,271,71,,31313,gas
cohms@scotfind.com,townhome,1201,68,,43931,"electric,gas,fuel oil"
cohms@toughzap.com,apartment,1411,69,72,5768,"electric,gas"
cohms@xx-holding.com,house,153,65,70,13453,electric
coldroyd@rangreen.com,mobile home,74,69,73,42356,
coldroyd@scottech.com,apartment,1405,71,73,85253,"electric,gas,fuel oil"
conofrio@toughzap.com,house,605,75,72,21290,"electric,gas"
costrosky@isdom.com,mobile home,482,75,,61815,gas
cpalaspas@finhigh.com,house,1291,73,71,97386,
cpalaspas@singletechno.com,townhome,176,72,72,3755,"electric,fuel oil"
cpalaspas@y-corporation.com,condominium,1464,74,72,60421,
cpapasergi@golddex.com,apartment,1238,74,70,35470,"electric,steam"
cpaprocki@scotfind.com,house,661,70,71,17547,"electric,gas"
cparlato@kinnamplus.com,apartment,363,72,,76095,gas
cpaskin@fasehatice.com,house,1616,70,72,44599,"electric,fuel oil"
cpaulas@gogozoom.com,apartment,959,65,74,66551,electric
cpaulas@nam-zim.com,apartment,1851,76,,20632,
cpaulas@warephase.com,apartment,1219,66,72,70744,"gas,fuel oil"
cperez@singletechno.com,house,1058,66,74,23408,electric
cperin@year-job.com,apartment,748,71,73,2172,"electric,steam"
cperin@zoomit.com,house,2177,75,72,58441,"electric,gas"
cperruzza@konmatfix.com,apartment,51,74,,52576,"electric,gas"
cperruzza@newex.com,apartment,541,,,22651,
cperruzza@warephase.com,house,1012,72,72,73038,steam
cpinilla@fasehatice.com,apartment,589,74,68,15026,electric
cpinilla@newex.com,house,629,71,,37052,gas
cplumer@fasehatice.com,condominium,974,72,,61376,electric
cplumer@nam-zim.com,condominium,2085,72,69,55406,electric
cpontoriero@groovestreet.com,house,2663,76,73,16538,
cpontoriero@konmatfix.com,apartment,992,69,71,16936,electric
cpoquette@kan-code.com,townhome,1532,75,72,20413,"electric,gas"
cpoullion@isdom.com,townhome,1257,73,,38914,gas
cpoullion@mathtouch.com,house,850,72,72,66710,
cradde@iselectrics.com,apartment,91,71,72,94708,electric
cragel@dambase.com,house,1441,74,73,85273,
crauser@bioholding.com,townhome,1124,66,75,60123,electric
crauser@kan-code.com,house,65,67,,14841,"electric,gas"
craymo@blackzim.com,apartment,845,72,70,81525,"electric,gas,fuel oil"
craymo@yearin.com,townhome,153,66,76,66653,gas
cregusters@finhigh.com,house,1511,68,,19122,electric
cregusters@ontomedia.com,house,2255,76,69,56634,steam
creiber@sumace.com,townhome,628,70,75,26572,fuel oil
creiber@xx-holding.com,mobile home,396,73,,95866,
creiber@zotware.com,townhome,1710,69,73,60505,"electric,gas"
creitler@donware.com,house,786,75,,73565,electric
crestrepo@j-texon.com,house,1989,71,72,68033,fuel oil
crhoden@cancity.com,townhome,603,,,611,gas
crhoden@donquadtech.com,apartment,447,73,70,83714,gas
crhoden@funholding.com,condominium,1682,64,75,66865,
criden@streethex.com,condominium,936,69,,17060,
crim@bioholding.com,townhome,1611,75,69,34609,gas
crochin@kan-code.com,apartment,806,72,76,6351,gas
crodenberger@bioholding.com,house,1179,,69,28447,
crowling@year-job.com,townhome,1828,76,75,5047,
cryser@stanredtax.com,apartment,787,72,72,33186,electric
cryser@zathunicon.com,apartment,1406,74,,80306,
csahagun@scotfind.com,apartment,852,68,69,1865,electric
csama@green-plus.com,condominium,1945,,,47488,electric
csamara@doncon.com,house,1779,73,73,95661,electric
csamu@isdom.com,apartment,1507,74,71,64499,fuel oil
csarao@konex.com,apartment,416,74,74,98858,"electric,fuel oil"
csarao@plexzap.com,house,1257,73,70,51015,"gas,steam"
csarbacher@bioholding.com,apartment,812,77,,30183,electric
csawchuk@konex.com,house,1364,68,73,71275,"electric,gas"
csayaphon@inity.com,mobile home,329,74,,91386,gas
csayaphon@plussunin.com,apartment,448,68,,98814,electric
csaylors@dambase.com,apartment,494,70,72,95314,
cscheyer@betasoloin.com,apartment,1018,74,74,90019,"electric,steam"
cschieler@blackzim.com,apartment,699,75,74,28633,gas
cschieler@xx-zobam.com,mobile home,279,74,73,10580,electric
cschnitzler@rangreen.com,mobile home,440,72,,71360,fuel oil
cschoeneck@donquadtech.com,townhome,68,76,72,37249,electric
cscipione@gogozoom.com,house,695,69,75,29127,steam
cscriven@iselectrics.com,house,1291,73,75,6118,electric
cscriven@scottech.com,apartment,509,76,75,66441,
cseewald@donware.com,apartment,584,72,72,50515,gas
cseewald@ontomedia.com,townhome,812,,70,98558,"electric,gas"
csemidey@green-plus.com,apartment,409,70,72,83666,"electric,fuel oil"
cshields@bioholding.com,apartment,390,76,69,99329,gas
cshields@lexiqvolax.com,house,1374,72,72,26338,electric
cshin@openlane.com,house,1789,73,72,30999,electric
cshinko@dontechi.com,apartment,804,66,70,21890,
csilvestrini@donquadtech.com,condominium,1084,76,72,59604,fuel oil
csilvestrini@konex.com,house,1150,67,75,58017,
csimilton@donware.com,house,801,76,71,19102,gas
cskulski@funholding.com,house,701,74,71,76599,"electric,gas"
cskursky@codehow.com,apartment,508,76,76,73853,"electric,gas"
cskursky@nam-zim.com,apartment,1277,78,74,62532,"electric,gas,steam"
cslayton@stanredtax.com,apartment,2289,73,,19172,"gas,steam"
csmith@bioholding.com,condominium,325,72,,16124,"gas,fuel oil"
cspickerman@condax.com,house,152,72,72,13142,gas
cstaback@gogozoom.com,apartment,1874,72,72,33002,
cstem@donquadtech.com,townhome,1155,75,75,72913,"gas,fuel oil"
cstockham@green-plus.com,house,688,76,,77592,
cstockham@ontomedia.com,house,1266,,73,31308,electric
cstoltzman@konex.com,apartment,860,74,73,23184,gas
cstorment@green-plus.com,house,1539,74,73,44315,electric
cstorment@inity.com,apartment,520,71,,44017,
csuell@blackzim.com,apartment,840,71,69,59105,"electric,steam"
csuffield@codehow.com,apartment,844,78,70,99636,gas
cswayze@lexiqvolax.com,apartment,1047,74,,31513,gas
csweigard@xx-holding.com,apartment,1352,74,,38927,"electric,steam"
csyrop@goodsilron.com,condominium,877,68,73,43736,
csyrop@rundofase.com,house,613,73,69,20403,gas
ctagala@zoomit.com,townhome,1292,73,,35904,"electric,gas"
ctjepkema@condax.com,house,1160,75,72,70894,
ctjepkema@isdom.com,townhome,1263,75,,90276,
ctjepkema@ron-tech.com,apartment,1350,75,73,1079,electric
ctjepkema@streethex.com,house,1382,74,72,98324,
ctoelkes@stanredtax.com,house,751,68,72,10166,gas
ctolfree@rangreen.com,apartment,1348,,72,16034,"electric,gas"
ctomblin@dambase.com,house,605,67,74,14072,electric
ctoyama@treequote.com,apartment,961,73,75,36373,
ctreston@betasoloin.com,townhome,988,,70,16159,electric
ctreston@cancity.com,apartment,62,,73,26276,
ctromblay@donware.com,house,899,66,76,8863,
ctromblay@funholding.com,house,2856,77,74,94607,"electric,gas"
cturinetti@donquadtech.com,house,1325,75,76,56122,"gas,steam"
cuyetake@hottechi.com,apartment,575,69,,48652,gas
cvanausdal@domzoom.com,townhome,3406,,73,33680,
cvarriano@donquadtech.com,house,819,70,70,95840,
cventura@dontechi.com,apartment,117,66,73,90066,
cvillanueva@zumgoity.com,apartment,895,74,71,71322,fuel oil
cvonasek@kan-code.com,house,2239,74,72,38177,"electric,gas,steam"
cwalthall@ontomedia.com,house,1848,70,70,4944,
cwardrip@betasoloin.com,condominium,1166,69,,48725,gas
cwaymire@conecom.com,house,832,,,79424,electric
cweglarz@finhigh.com,mobile home,110,77,74,68966,electric
cweglarz@konex.com,house,1922,74,,62467,"electric,steam"
cwesterbeck@silis.com,mobile home,818,74,71,73149,"electric,fuel oil"
cwide@sonron.com,townhome,1434,76,,8319,"electric,gas"
cwolfgramm@donquadtech.com,house,1314,70,70,1654,electric
cwolfgramm@green-plus.com,townhome,648,72,,1128,"electric,fuel oil"
cwolfgramm@groovestreet.com,house,2086,68,75,19700,gas
cwolny@conecom.com,townhome,1317,68,74,30062,
cworlds@xx-zobam.com,house,1186,73,72,86043,gas
cyaw@condax.com,house,1518,73,73,93275,steam
cyaw@conecom.com,condominium,698,75,75,23111,gas
cyaw@xx-holding.com,apartment,851,73,74,30161,
cyum@singletechno.com,townhome,161,,71,52057,"electric,gas,fuel oil"
czepp@betatech.com,apartment,422,74,69,28434,
czepp@y-corporation.com,apartment,1563,77,68,98305,electric
czepp@zathunicon.com,apartment,416,70,70,10464,gas
dabdallah@bioplex.com,condominium,2096,75,,13111,gas
dacey@mathtouch.com,house,1386,73,68,3856,"electric,fuel oil"
dacuff@warephase.com,mobile home,260,72,71,82427,electric
dagramonte@toughzap.com,townhome,512,,72,4402,gas
dandreason@konex.com,townhome,1026,70,72,56047,"electric,gas"
dangalich@silis.com,apartment,1368,71,72,23604,gas
dankeny@openlane.com,townhome,980,70,73,90814,"steam,fuel oil"
dbarfield@ganjaflex.com,house,2018,73,75,61426,fuel oil
dbayless@sonron.com,mobile home,234,,,60199,fuel oil
dbennick@zotware.com,townhome,2759,74,72,85310,gas
dberlanga@kinnamplus.com,apartment,60,68,73,28906,electric
dberray@groovestreet.com,mobile home,488,75,72,41522,electric
dbevelacqua@silis.com,house,1680,72,73,29390,
dbiddy@streethex.com,apartment,345,69,74,29542,steam
dbilden@kinnamplus.com,mobile home,468,73,73,88315,electric
dbilden@opentech.com,apartment,572,70,,86018,"electric,gas"
dblackwood@toughzap.com,house,1382,75,70,47122,"gas,steam"
dblunk@sonron.com,apartment,509,76,73,95172,steam
dboord@year-job.com,apartment,983,73,69,35115,gas
dborgman@y-corporation.com,house,2558,,,46573,
dborgman@zoomit.com,apartment,461,74,72,55438,gas
dbourbon@groovestreet.com,house,1085,71,,75792,gas
dbourbon@plusstrip.com,house,1737,69,,29641,"electric,gas"
dbowley@warephase.com,condominium,1634,71,75,36017,electric
dbrachle@fasehatice.com,apartment,1734,70,75,37723,"electric,gas"
dbrachle@stanredtax.com,house,2924,72,75,39215,fuel oil
dbreland@inity.com,house,1280,69,71,50070,"electric,gas"
dbriddick@yearin.com,townhome,780,68,72,37122,
dbrideau@lexiqvolax.com,condominium,163,76,71,19140,"electric,fuel oil"
dbrossart@faxquote.com,townhome,2631,69,71,69301,gas
dbrossart@finjob.com,townhome,517,72,,83403,fuel oil
dburnard@scottech.com,condominium,1032,75,74,78418,
dburnard@zathunicon.com,house,1384,74,74,7950,gas
dbuvens@iselectrics.com,mobile home,462,73,74,37853,
dbuvens@nam-zim.com,condominium,415,71,72,46987,"electric,gas"
dbuvens@newex.com,house,550,,,21275,gas
dbuvens@rangreen.com,apartment,1445,69,,64195,"electric,steam"
dcaiafa@finjob.com,house,130,69,75,72416,fuel oil
dcaiafa@ganjaflex.com,apartment,552,73,,99576,"electric,fuel oil"
dcaldarera@isdom.com,apartment,1748,72,72,58795,"electric,gas"
dcalvaresi@statholdings.com,apartment,462,75,,94573,electric
dcanlas@betatech.com,apartment,400,73,69,33684,electric
dcanlas@konex.com,apartment,1276,69,,30390,"electric,gas,steam"
dcartan@plexzap.com,mobile home,210,75,,76862,
dcentini@codehow.com,townhome,97,73,72,75479,gas
dcentini@donquadtech.com,condominium,119,,,34973,"electric,gas"
dchavous@statholdings.com,apartment,463,66,72,40734,fuel oil
dchesterfield@isdom.com,house,1717,68,,19493,"gas,fuel oil"
dclaucherty@streethex.com,apartment,769,67,,55379,gas
dcolaizzo@bioplex.com,condominium,658,66,71,78763,gas
dcolla@ron-tech.com,house,1367,73,74,80247,steam
dcomnick@finhigh.com,apartment,4397,72,75,84733,gas
dcomnick@rundofase.com,townhome,1690,72,71,94603,"electric,steam,fuel oil"
dcork@zotware.com,townhome,1161,71,74,28328,electric
dcorrio@codehow.com,mobile home,550,74,74,33686,"electric,steam"
dcousey@blackzim.com,mobile home,282,,69,4112,"gas,steam"
dcousey@finjob.com,townhome,1092,67,,84644,electric
dcoyier@zathunicon.com,apartment,1067,75,,23437,gas
dcraghead@silis.com,townhome,1166,71,74,69301,gas
dcronauer@finjob.com,apartment,1101,71,71,53949,gas
dcrupi@ontomedia.com,house,2498,66,73,61322,"electric,gas,steam,fuel oil"
dcryer@inity.com,condominium,929,70,,12436,gas
ddarakjy@cancity.com,townhome,1729,71,73,46260,electric
ddegonia@silis.com,house,1553,72,,40577,
ddegroot@stanredtax.com,house,1544,71,75,46898,electric
ddelasancha@funholding.com,house,2537,73,74,29691,electric
ddevreese@fasehatice.com,condominium,1102,76,,15024,"electric,gas,fuel oil"
ddewar@sunnamplex.com,house,651,75,,19143,"electric,gas,fuel oil"
ddhamer@blackzim.com,house,1055,73,,92118,"steam,fuel oil"
ddilliard@konmatfix.com,townhome,1491,76,73,57198,gas
ddinos@toughzap.com,house,597,76,,90274,electric
ddiscipio@j-texon.com,house,2933,73,73,53172,electric
ddubaldi@statholdings.com,apartment,575,69,74,97208,electric
dehmann@condax.com,house,1772,68,76,34479,electric
demard@scotfind.com,house,1706,68,72,25410,"electric,gas,steam"
demard@zathunicon.com,apartment,162,,71,41667,
demigh@xx-holding.com,mobile home,134,75,70,33835,
demigh@yearin.com,apartment,659,,71,19108,"electric,gas,steam"
dengelberg@condax.com,condominium,684,75,,4471,"electric,gas"
dengelberg@rangreen.com,apartment,971,67,72,49239,"electric,gas"
deroman@scotfind.com,house,218,66,,36526,"electric,gas"
destell@bioholding.com,house,68,67,73,49619,steam
destell@conecom.com,apartment,516,71,72,46377,gas
destell@xx-zobam.com,apartment,761,75,,78331,
dfallick@toughzap.com,condominium,1569,65,73,30507,"electric,steam,fuel oil"
dfarrow@betatech.com,house,525,76,,22472,electric
dfarrow@domzoom.com,house,1585,77,,52207,gas
dfarrow@labdrill.com,house,897,72,,64724,"electric,gas,fuel oil"
dfeichtner@toughzap.com,townhome,3354,73,,93517,"electric,gas,fuel oil"
dfelger@bioholding.com,apartment,539,,72,40870,gas
dfelger@y-corporation.com,house,7131,69,,33069,electric
dfigeroa@j-texon.com,mobile home,533,76,69,64624,fuel oil
dfigeroa@plexzap.com,apartment,412,69,71,95701,electric
dflosi@konmatfix.com,apartment,1128,74,74,22038,fuel oil
dflosi@treequote.com,house,202,73,,45403,electric
dfrancescon@plusstrip.com,house,670,65,74,70114,electric
dfredicks@j-texon.com,house,197,,74,68136,electric
dfrerking@konex.com,house,771,71,69,27675,electric
dfrey@kan-code.com,house,1057,72,,77483,gas
dfritz@betatech.com,townhome,1735,74,73,20091,gas
dgehrett@scotfind.com,mobile home,396,76,,1937,gas
dgellinger@conecom.com,apartment,1114,71,,62288,fuel oil
dgesick@rundofase.com,house,775,65,73,95060,
dgibes@gogozoom.com,house,795,74,69,90049,gas
dgibes@y-corporation.com,apartment,842,67,75,3264,gas
dgillaspie@lexiqvolax.com,townhome,1059,64,71,83322,
dgillian@faxquote.com,house,653,75,,55072,gas
dgillian@opentech.com,apartment,66,64,70,33305,electric
dgleich@openlane.com,apartment,1389,78,71,57422,
dgleich@sumace.com,apartment,1283,74,,37151,"electric,gas"
dgochal@bioholding.com,apartment,510,69,73,56320,gas
dgochal@toughzap.com,apartment,43,,71,10566,fuel oil
dgoldammer@statholdings.com,condominium,1990,76,76,37650,gas
dgood@gogozoom.com,house,877,71,75,20682,
dgotter@donware.com,apartment,1026,73,75,14603,fuel oil
dgrenet@treequote.com,mobile home,26,73,72,21282,gas
dhalter@newex.com,townhome,645,72,74,13041,gas
dhamilton@zotware.com,apartment,398,,71,51656,fuel oil
dharnos@rantouch.com,apartment,2534,,,16720,electric
dharnos@xx-holding.com,house,1478,74,73,62893,"electric,fuel oil"
dharoldson@fasehatice.com,house,2813,70,,13846,gas
dharoldson@zathunicon.com,apartment,771,71,70,36255,fuel oil
dhaufler@bioplex.com,townhome,623,76,73,36141,"electric,gas"
dheimann@konmatfix.com,townhome,1404,74,,76501,gas
dheintzman@nam-zim.com,house,1666,75,74,77363,
dhengel@silis.com,townhome,1346,74,74,65461,
dhidvegi@konmatfix.com,townhome,1993,72,71,82845,electric
dhirpara@xx-zobam.com,apartment,946,,75,48670,
dhixenbaugh@hottechi.com,condominium,601,70,74,66758,electric
dhoa@groovestreet.com,apartment,475,76,71,11973,
dhughey@condax.com,apartment,803,69,,57244,electric
dhughey@newex.com,apartment,697,75,73,95963,electric
disenhower@iselectrics.com,apartment,471,,,24821,"electric,gas"
disenhower@opentech.com,mobile home,457,69,,71330,
diturbide@ganjaflex.com,townhome,1599,68,70,43072,electric
diturbide@isdom.com,mobile home,197,70,75,65612,
djeanty@plusstrip.com,apartment,1160,73,71,61431,"electric,steam"
djulia@zathunicon.com,house,1444,76,72,24266,gas
djurney@labdrill.com,townhome,1109,77,,96728,"gas,fuel oil"
djuvera@xx-zobam.com,house,784,74,,21404,"electric,steam,fuel oil"
djuvera@zencorporation.com,house,974,71,72,5359,
dkannady@yearin.com,apartment,1042,70,,68731,electric
dkardas@cancity.com,house,136,,70,79120,electric
dkarpel@rantouch.com,townhome,1667,76,72,57039,"electric,fuel oil"
dkines@gogozoom.com,house,3280,78,,78427,
dkines@rangreen.com,house,1359,70,,2040,"electric,gas,steam,fuel oil"
dkines@stanredtax.com,house,839,75,75,97859,electric
dkines@sunnamplex.com,apartment,501,74,70,70037,
dkippley@plexzap.com,condominium,2080,75,73,63758,electric
dkitty@xx-holding.com,house,58,65,72,80866,"electric,fuel oil"
dklimek@golddex.com,apartment,512,75,,17128,fuel oil
dklimek@groovestreet.com,house,1880,75,73,98666,electric
dkohnert@dambase.com,condominium,117,67,,90068,
dkoppinger@blackzim.com,house,1298,69,73,31786,
dkoppinger@condax.com,house,3199,71,72,78944,"electric,gas,steam"
dkorando@inity.com,apartment,167,70,75,80322,electric
dkulzer@gogozoom.com,apartment,1066,75,69,41129,"electric,gas"
dkulzer@rundofase.com,house,1788,70,75,32607,steam
dlapage@bioplex.com,house,2141,75,,94649,"electric,gas"
dlary@ganjaflex.com,mobile home,34,70,,15252,"electric,gas"
dlary@scotfind.com,house,129,73,74,52538,
dlatzke@funholding.com,house,1495,,,69143,"electric,fuel oil"
dleinenbach@year-job.com,condominium,946,70,,4547,"electric,gas,fuel oil"
dleinenbach@zumgoity.com,apartment,2185,70,73,39071,steam
dleto@ganjaflex.com,apartment,1348,76,72,54023,
dlipke@blackzim.com,apartment,903,65,70,53207,electric
dlipke@sonron.com,apartment,557,73,,33413,electric
dlizama@funholding.com,apartment,1577,,72,88427,gas
dlother@konmatfix.com,townhome,1003,71,,40297,
dlother@lexiqvolax.com,apartment,1255,76,75,98222,
dluczki@ganjaflex.com,house,1136,70,73,98533,
dluczki@plexzap.com,house,1484,74,73,76270,electric
dlueckenbach@conecom.com,house,2663,68,75,27972,electric
dmaclead@zathunicon.com,townhome,903,73,71,39595,"electric,gas,steam"
dmaile@conecom.com,mobile home,404,72,72,28220,fuel oil
dmaisto@stanredtax.com,house,1552,70,,19902,"electric,gas"
dmaisto@toughzap.com,townhome,1689,70,,50140,electric
dmalvin@conecom.com,house,2181,72,71,81253,"electric,fuel oil"
dmalvin@domzoom.com,condominium,903,65,70,7704,"electric,gas"
dmalvin@openlane.com,apartment,988,71,75,98581,"electric,gas"
dmanno@dontechi.com,house,366,72,70,10572,"electric,gas,fuel oil"
dmanno@ron-tech.com,apartment,385,75,,83303,
dmarrier@newex.com,house,3015,74,71,37141,fuel oil
dmartabano@rundofase.com,condominium,546,71,74,64087,fuel oil
dmaynerich@xx-zobam.com,apartment,2570,72,,4288,"electric,gas"
dmclaird@bioholding.com,house,2073,67,73,21853,gas
dmcnease@ontomedia.com,apartment,2004,70,,35232,"electric,fuel oil"
dmcnease@xx-holding.com,townhome,1170,74,,20412,fuel oil
dmeinerding@toughzap.com,condominium,2173,73,,59927,electric
dmeisel@goodsilron.com,apartment,1620,66,,46402,gas
dmeteer@scottech.com,house,107,76,70,84130,"electric,gas,fuel oil"
dmiceli@treequote.com,house,1661,69,76,25202,
dmondella@ron-tech.com,house,1456,74,76,60426,electric
dmonterrubio@newex.com,apartment,44,75,71,55384,"gas,fuel oil"
dmorasca@inity.com,condominium,554,64,,60089,electric
dmorasca@y-corporation.com,townhome,1159,72,,75978,electric
dmorocco@faxquote.com,house,2509,,73,41031,"electric,gas"
dmyricks@hatfan.com,house,751,76,73,6019,
dnabours@domzoom.com,townhome,78,75,,58474,electric
dnabours@year-job.com,apartment,1222,74,71,37663,electric
dnabours@zoomit.com,apartment,1472,74,,70836,electric
dneither@funholding.com,apartment,851,72,76,61106,"electric,gas,steam,fuel oil"
dnicka@sumace.com,apartment,113,67,73,20037,"electric,gas"
dnunlee@isdom.com,house,2420,73,73,13123,electric
dogg@inity.com,house,1214,64,,62684,
dogg@year-job.com,apartment,840,72,71,35068,
dpaa@labdrill.com,townhome,2284,70,,93202,"electric,gas"
dpagliuca@plussunin.com,mobile home,291,69,72,62450,electric
dpagliuca@stanredtax.com,apartment,3539,70,,35618,"gas,fuel oil"
dpalaia@betatech.com,house,1028,,73,77340,
dpalaspas@fasehatice.com,apartment,601,78,75,1222,electric
dperruzza@scotfind.com,mobile home,342,71,,26571,gas
dplumer@plussunin.com,house,3821,75,73,19079,
dpolidori@sumace.com,house,788,70,,49780,"gas,steam,fuel oil"
dpontoriero@plexzap.com,townhome,1467,73,,16034,gas
dpoquette@stanredtax.com,house,1650,69,,68702,
drauser@treequote.com,house,678,72,75,45503,gas
draymo@betatech.com,apartment,550,69,,6010,"gas,steam"
draymo@cancity.com,apartment,1045,68,73,28635,"electric,fuel oil"
dregusters@donquadtech.com,house,1364,,73,84315,electric
dreiber@openlane.com,townhome,607,75,,46920,
drestrepo@scotfind.com,house,839,70,72,71354,
drhym@groovestreet.com,apartment,1152,69,72,5061,"electric,fuel oil"
drhym@sunnamplex.com,house,1309,76,,49705,gas
drim@green-plus.com,house,1759,,73,13093,
drim@zathunicon.com,apartment,2228,73,,71256,"electric,gas,fuel oil"
drochin@cancity.com,townhome,662,75,71,38140,"electric,gas"
drochin@j-texon.com,house,1481,74,,94104,
drodefer@fasehatice.com,house,1380,72,,68440,"electric,gas"
drodefer@statholdings.com,mobile home,212,76,71,20080,"electric,steam"
drodenberger@doncon.com,townhome,1483,71,72,57774,"electric,gas"
drulapaugh@conecom.com,house,647,75,71,90305,
dryser@zoomit.com,house,925,,73,98181,"electric,gas"
dsahagun@finjob.com,townhome,672,72,72,31415,electric
dsama@betatech.com,house,1357,76,76,55612,electric
dsamara@finhigh.com,townhome,1419,69,,95866,electric
dsamu@finjob.com,house,1876,,75,28303,
dsaras@rantouch.com,house,1543,,70,30449,"electric,fuel oil"
dsayaphon@dalttechnology.com,house,817,74,,75258,"electric,gas"
dschemmer@iselectrics.com,townhome,991,,73,2181,gas
dschemmer@streethex.com,townhome,1593,69,69,603,gas
dschirpke@donquadtech.com,townhome,862,76,73,54495,
dschmaltz@donware.com,house,1022,71,,19564,
dscipione@labdrill.com,house,2615,73,71,98617,gas
dscriven@doncon.com,house,1167,,,20754,electric
dseewald@plexzap.com,apartment,463,72,,2648,fuel oil
dsemidey@singletechno.com,townhome,719,75,72,84653,"electric,fuel oil"
dsengbusch@mathtouch.com,townhome,630,68,73,938,gas
dshadrick@rantouch.com,condominium,1198,69,74,73848,
dshealy@doncon.com,townhome,1050,78,,75462,"electric,fuel oil"
dshin@sonron.com,condominium,473,75,,99110,gas
dshinko@ontomedia.com,condominium,1333,76,71,85930,"electric,gas,fuel oil"
dshinko@zotware.com,apartment,394,78,69,29123,
dsilvestrini@betasoloin.com,apartment,485,73,,8107,electric
dskulski@finhigh.com,house,1141,70,74,20372,gas
dskursky@conecom.com,house,2610,76,72,16021,"electric,gas"
dskursky@konex.com,house,2293,76,71,66047,gas
dslayton@xx-holding.com,townhome,1107,69,76,30212,"electric,fuel oil"
dslusarski@doncon.com,apartment,391,75,73,62555,electric
dsmith@silis.com,mobile home,130,68,72,39066,steam
dspickerman@fasehatice.com,apartment,1073,74,,22310,electric
dsteffensmeier@cancity.com,townhome,1591,,75,18762,gas
dsteier@openlane.com,apartment,576,,74,98628,
dstem@y-corporation.com,house,847,,72,10166,"electric,gas"
dstimmel@dalttechnology.com,apartment,1287,65,74,13612,gas
dstimmel@isdom.com,house,1550,73,70,37779,"gas,steam"
dstrassner@plussunin.com,townhome,625,71,72,49614,"electric,gas,fuel oil"
dsweigard@xx-holding.com,condominium,82,73,,17126,
dsyrop@blackzim.com,townhome,722,71,71,19013,
dsyrop@codehow.com,mobile home,24,,70,41651,
dtagala@rantouch.com,condominium,573,77,,85284,
dtagala@y-corporation.com,townhome,526,76,76,74565,"electric,fuel oil"
dtawil@donware.com,house,1363,71,72,43518,
dtimenez@gogozoom.com,apartment,471,75,,85629,electric
dtoelkes@bioplex.com,townhome,527,74,74,12183,
dtollner@ontomedia.com,house,892,71,76,45171,
dtollner@plusstrip.com,apartment,543,68,,27502,electric
dtollner@stanredtax.com,apartment,753,,70,18501,electric
dtollner@sumace.com,house,730,,72,74533,
dtollner@xx-zobam.com,house,1348,77,73,15691,"electric,gas,steam,fuel oil"
dtomasulo@toughzap.com,apartment,2518,69,70,16935,gas
dtreston@finhigh.com,house,700,65,,61911,gas
dtreston@iselectrics.com,house,71,75,,47030,gas
dturinetti@conecom.com,apartment,2147,72,69,93407,
dturinetti@kan-code.com,condominium,579,73,73,8311,"electric,gas,steam,fuel oil"
dupthegrove@newex.com,mobile home,67,70,,35762,gas
dupthegrove@year-job.com,townhome,1250,71,75,60926,gas
dvanheusen@streethex.com,apartment,895,,73,34208,"gas,steam,fuel oil"
dvarriano@dalttechnology.com,apartment,507,72,,57261,"gas,fuel oil"
dvinning@dambase.com,mobile home,236,69,69,95155,electric
dvinning@newex.com,townhome,186,67,72,98664,"electric,gas"
dvocelka@rangreen.com,condominium,493,71,73,52252,gas
dwardrip@inity.com,house,2765,68,74,98250,gas
dwaycott@newex.com,townhome,1808,74,73,12345,electric
dwaymire@hatfan.com,townhome,1432,,75,81073,gas
dweglarz@hatfan.com,house,1935,73,72,40259,steam
dwenner@blackzim.com,house,1610,74,75,43759,"electric,gas"
dwenner@dambase.com,house,2653,66,68,6816,electric
dwenner@mathtouch.com,house,1600,,74,41840,gas
dwieser@kan-code.com,condominium,646,74,70,51063,electric
dwieser@openlane.com,apartment,283,76,74,63348,gas
dwiklund@kinnamplus.com,townhome,2514,69,,83873,electric
dwiklund@xx-holding.com,apartment,1539,71,,62631,gas
dyaw@treequote.com,apartment,360,,69,28586,
dyglesias@opentech.com,apartment,431,,75,4924,electric
dyglesias@sonron.com,house,1059,76,73,45783,fuel oil
dyori@bioholding.com,mobile home,141,72,72,16873,electric
dyori@conecom.com,townhome,341,72,,72569,gas
dyori@ganjaflex.com,townhome,1703,71,72,52004,gas
dyori@iselectrics.com,townhome,213,71,,40010,
dyori@stanredtax.com,apartment,1662,70,72,6781,"gas,fuel oil"
dzane@j-texon.com,house,588,69,73,31320,"electric,steam,fuel oil"
dzepp@donware.com,house,1368,,75,83320,"electric,gas"
dzurcher@finjob.com,house,689,,,57301,electric
dzurcher@plexzap.com,mobile home,488,75,70,69001,"electric,gas"
dzurcher@rundofase.com,apartment,1017,,71,91795,electric
eagramonte@openlane.com,house,4424,76,73,65555,electric
ealbares@stanredtax.com,house,1625,73,,4774,"electric,gas"
eamyot@sumace.com,house,2972,70,73,38060,electric
earceo@kan-code.com,apartment,635,72,68,48422,
ebaltimore@labdrill.com,mobile home,406,73,73,30222,"electric,fuel oil"
ebayless@rundofase.com,apartment,657,75,72,16124,electric
ebergesen@dontechi.com,house,840,74,76,58310,gas
ebergesen@zoomit.com,mobile home,429,,69,79713,"gas,fuel oil"
ebirkner@conecom.com,condominium,1059,73,71,75218,gas
ebirkner@sumace.com,townhome,678,73,70,92202,"electric,fuel oil"
ebitsuie@labdrill.com,condominium,1424,72,,10583,"electric,gas"
eblackwood@domzoom.com,house,1519,66,,5081,
eblunk@cancity.com,apartment,905,72,,24005,gas
eblunk@plusstrip.com,townhome,3949,71,73,44904,"gas,fuel oil"
eboord@nam-zim.com,apartment,503,76,69,52586,"electric,gas"
ebreland@konex.com,townhome,813,74,71,72660,
ebriddick@ontomedia.com,apartment,780,75,76,12859,"gas,fuel oil"
ebrideau@conecom.com,mobile home,166,76,73,3830,electric
ebuemi@plussunin.com,mobile home,289,73,71,30019,"gas,fuel oil"
ebuemi@statholdings.com,townhome,449,65,75,84086,"electric,gas,steam"
ebutt@iselectrics.com,condominium,186,68,71,80259,electric
ecanlas@labdrill.com,apartment,868,71,74,27509,"electric,fuel oil"
ecantres@blackzim.com,apartment,916,73,75,58759,
ecartan@labdrill.com,apartment,834,75,,74440,steam
ecartan@streethex.com,apartment,983,70,,92782,
ecaudy@xx-holding.com,house,1070,,75,83223,fuel oil
echui@rangreen.com,mobile home,177,68,70,66699,electric
echui@stanredtax.com,apartment,99,74,75,53150,"electric,steam"
ecoody@openlane.com,apartment,893,,,5763,"electric,fuel oil"
ecoody@treequote.com,condominium,2025,,,75052,"electric,gas"
ecookey@doncon.com,condominium,800,72,71,59101,gas
ecork@donquadtech.com,condominium,597,74,,40206,fuel oil
ecorrington@opentech.com,house,1275,,73,48050,
ecorrio@rundofase.com,mobile home,423,65,72,54851,electric
ecorrio@yearin.com,condominium,705,65,71,29052,gas
ecousey@condax.com,condominium,1056,73,73,78409,electric
ecoyier@dontechi.com,house,1540,76,74,93239,electric
ecoyier@singletechno.com,house,817,74,74,52408,"electric,gas,steam"
edarakjy@faxquote.com,townhome,1254,73,,20262,"electric,fuel oil"
edarakjy@statholdings.com,house,1222,66,73,22724,"electric,steam"
edegroot@plussunin.com,condominium,809,75,,83214,"electric,fuel oil"
edelasancha@betatech.com,townhome,1354,,75,35055,electric
edeleo@kan-code.com,apartment,958,,68,24067,
edemesa@labdrill.com,apartment,1017,,73,4668,"electric,gas,fuel oil"
edilello@doncon.com,townhome,1066,74,73,54536,electric
edilliard@warephase.com,house,1444,74,72,35677,"electric,fuel oil"
edopico@kan-code.com,house,1268,73,73,6856,electric
edubaldi@zumgoity.com,apartment,807,73,72,38197,
eduenas@bioplex.com,townhome,1114,70,,86341,"electric,steam"
eeanes@faxquote.com,house,1464,70,,32523,electric
eehmann@fasehatice.com,apartment,619,71,,7885,electric
eehmann@zotware.com,house,663,74,72,38182,steam
eengelberg@bioholding.com,apartment,539,69,71,54661,"electric,gas,steam"
eengelberg@inity.com,house,1852,72,74,4418,"electric,gas"
eengelberg@toughzap.com,townhome,742,67,,38473,"electric,gas,steam"
eennaco@domzoom.com,apartment,588,72,73,90080,electric
eeroman@yearin.com,townhome,3538,69,72,35116,electric
efarrar@fasehatice.com,house,1412,71,70,67031,"electric,gas,fuel oil"
efeichtner@rangreen.com,condominium,858,73,75,37885,"electric,fuel oil"
eferencz@newex.com,mobile home,245,67,,99670,"gas,fuel oil"
efern@condax.com,house,597,68,,4650,gas
efillingim@codehow.com,apartment,2276,65,,89712,electric
efrancescon@rundofase.com,apartment,1381,76,70,82922,steam
efrankel@kan-code.com,mobile home,171,76,,42011,fuel oil
efredicks@zencorporation.com,house,1423,77,,20182,"electric,gas,fuel oil"
egato@streethex.com,apartment,1638,73,72,2718,electric
egleich@cancity.com,house,1545,,,78161,
egotter@rundofase.com,house,1719,71,,12885,steam
egudroe@green-plus.com,house,1736,75,,62017,
ehagele@conecom.com,apartment,614,,72,5458,
eharoldson@toughzap.com,apartment,1275,75,72,49776,gas
eharoldson@treequote.com,house,619,76,70,57117,gas
ehauenstein@donware.com,apartment,1350,70,74,99030,"steam,fuel oil"
ehengel@streethex.com,mobile home,364,65,73,32596,gas
eherritt@ron-tech.com,townhome,85,75,73,73007,electric
ehoffis@groovestreet.com,apartment,753,73,72,60480,electric
ehollack@doncon.com,mobile home,620,70,68,27534,"electric,gas"
ehoneywell@doncon.com,house,1226,75,75,83610,"electric,gas"
ehoopengardner@newex.com,apartment,766,76,72,42633,electric
ehudnall@hottechi.com,apartment,1189,76,75,92369,
ejayson@stanredtax.com,apartment,714,76,71,78021,gas
ejeanty@donquadtech.com,apartment,949,70,,23327,
ejeanty@donware.com,townhome,3516,71,,68375,
ejurney@zotware.com,house,629,71,73,71356,
ejuvera@konex.com,apartment,678,75,,23970,"electric,gas"
ekaniecki@plexzap.com,house,1295,76,74,6493,electric
ekaniecki@rundofase.com,condominium,526,76,71,1071,electric
ekannady@betatech.com,condominium,961,71,74,68418,
ekardas@plussunin.com,townhome,257,67,73,23301,"electric,gas"
ekarpin@domzoom.com,townhome,1549,67,72,53520,fuel oil
ekarpin@lexiqvolax.com,townhome,637,74,,31744,electric
ekeneipp@sunnamplex.com,apartment,1061,72,70,71545,electric
ekippley@singletechno.com,apartment,75,75,,42220,fuel oil
eklusman@zoomit.com,mobile home,175,67,72,63934,gas
ekohl@konmatfix.com,house,788,,71,95366,gas
ekolmetz@konex.com,townhome,2462,78,73,38382,
ekonopacki@plusstrip.com,house,1144,69,,22623,"electric,gas"
ekonopacki@rangreen.com,apartment,1245,76,,29438,"electric,gas"
ekonopacki@zumgoity.com,townhome,90,69,72,28025,fuel oil
ekownacki@donquadtech.com,townhome,1455,70,73,21160,
ekulzer@toughzap.com,apartment,721,75,,71643,electric
elabreche@hottechi.com,apartment,863,72,,48393,
elacovara@ron-tech.com,townhome,1260,72,73,67761,electric
elapage@mathtouch.com,house,1061,78,,47541,gas
elietz@betasoloin.com,house,1091,68,72,61032,
elindall@goodsilron.com,house,156,,,54123,"electric,gas"
elipke@blackzim.com,house,1797,74,76,98930,"electric,fuel oil"
eloder@domzoom.com,condominium,1297,73,74,65625,electric
elorens@hatfan.com,house,1764,69,75,36916,"electric,gas"
elorens@inity.com,townhome,735,69,76,47433,"electric,gas,fuel oil"
eluczki@faxquote.com,apartment,806,73,72,75159,electric
emai@warephase.com,apartment,514,67,,39149,gas
emaybury@hatfan.com,condominium,693,74,72,37722,"electric,gas,fuel oil"
emcdoniel@green-plus.com,apartment,1072,73,76,54556,"gas,steam"
emelnyk@dambase.com,house,2200,74,76,63640,electric
ementer@fasehatice.com,house,561,75,74,19172,
ementer@zumgoity.com,apartment,1007,66,,58775,steam
emerced@silis.com,apartment,508,,,47124,
emodzelewski@donquadtech.com,mobile home,788,76,72,55041,
emodzelewski@scotfind.com,townhome,1307,74,,40110,"electric,fuel oil"
emonterrubio@iselectrics.com,house,698,74,72,55340,gas
emorocco@condax.com,townhome,1321,,74,43083,gas
emoyd@dambase.com,townhome,2017,76,72,2154,"electric,steam"
emugnolo@scottech.com,townhome,807,69,74,2762,gas
emulqueen@stanredtax.com,house,1057,,70,28411,"electric,gas"
emyricks@betatech.com,house,1129,71,73,68944,fuel oil
emyricks@dalttechnology.com,condominium,755,77,69,52728,"electric,gas,steam"
enievas@rundofase.com,townhome,1174,73,72,16636,gas
enunlee@dalttechnology.com,apartment,1783,76,71,12240,
eogg@singletechno.com,townhome,759,74,75,33305,electric
eoldroyd@dalttechnology.com,condominium,976,67,75,86023,electric
eoles@sonron.com,apartment,1136,71,68,54171,fuel oil
epaa@zumgoity.com,townhome,1175,70,,37394,"electric,gas,fuel oil"
epagliuca@singletechno.com,condominium,512,,72,11020,gas
epapasergi@zotware.com,house,141,,,90610,electric
eparvis@funholding.com,apartment,89,70,74,59241,electric
epedrozo@condax.com,mobile home,73,75,,4955,electric
eperez@goodsilron.com,apartment,1433,70,,59348,electric
eperez@newex.com,condominium,1010,76,70,59441,"electric,gas,steam"
eperigo@iselectrics.com,townhome,1233,72,,58644,electric
eperin@fasehatice.com,apartment,1499,,73,35292,gas
eperin@golddex.com,apartment,1443,72,74,10173,electric
eplumer@kinnamplus.com,apartment,1060,68,,52146,
epolidori@rantouch.com,mobile home,526,68,71,45112,gas
epontoriero@rundofase.com,house,1941,70,,92086,gas
epoquette@codehow.com,mobile home,248,75,73,32936,"electric,gas"
epoullion@inity.com,house,167,73,,25514,electric
eragel@yearin.com,house,907,,73,36202,gas
eraymo@plussunin.com,apartment,501,71,74,77538,
eregusters@dalttechnology.com,condominium,544,74,70,607,gas
ereiber@zathunicon.com,house,3532,76,75,40488,
erentfro@codehow.com,apartment,1117,,73,11025,"gas,steam"
erestrepo@xx-holding.com,townhome,587,77,,8347,
erhymes@faxquote.com,apartment,865,76,,61434,electric
eriden@stanredtax.com,apartment,81,71,,92554,"electric,gas"
erim@sunnamplex.com,townhome,934,71,74,20033,steam
erim@zathunicon.com,house,975,69,72,71960,"electric,gas"
erodeigues@toughzap.com,townhome,927,75,73,2070,"electric,steam,fuel oil"
erodenberger@betasoloin.com,apartment,1185,,,53954,"electric,gas"
erowling@xx-holding.com,townhome,962,76,,71306,gas
erulapaugh@dontechi.com,house,863,72,72,78721,
erulapaugh@groovestreet.com,house,2003,69,,53045,"electric,gas,fuel oil"
erulapaugh@silis.com,apartment,2077,69,,4640,gas
esamara@xx-holding.com,house,1345,66,75,77853,gas
esaras@fasehatice.com,condominium,1138,68,,7646,"electric,gas,fuel oil"
esaras@funholding.com,apartment,1186,,,50398,"electric,gas,steam"
esaras@y-corporation.com,townhome,1199,73,72,21075,"electric,gas"
esaulter@iselectrics.com,townhome,1202,66,,6043,electric
eschemmer@zoomit.com,house,740,71,73,15622,
eschieler@y-corporation.com,apartment,1912,76,70,25962,
eschmaltz@streethex.com,house,69,75,70,55144,
eschnitzler@zoomit.com,house,1122,72,74,68313,
eschoeneck@warephase.com,townhome,1372,,70,38778,gas
esemidey@dontechi.com,house,2226,,72,20418,electric
esengbusch@betasoloin.com,house,1910,72,74,65623,
esergi@newex.com,townhome,745,,73,61019,"electric,gas,fuel oil"
esimilton@blackzim.com,apartment,960,77,75,48363,electric
eskursky@singletechno.com,house,1343,71,72,60706,electric
espickerman@gogozoom.com,apartment,1303,74,73,27916,"electric,fuel oil"
espringe@rantouch.com,townhome,1275,69,,8887,"gas,steam"
estaback@silis.com,house,2539,71,,63655,electric
estaback@stanredtax.com,apartment,998,76,74,14107,gas
esteier@newex.com,house,265,73,,62079,
estem@labdrill.com,townhome,567,67,,65898,gas
estem@zoomit.com,mobile home,398,76,75,27101,fuel oil
estenseth@statholdings.com,house,1981,67,73,84021,electric
estimmel@stanredtax.com,townhome,160,70,69,63871,electric
esuffield@groovestreet.com,apartment,305,72,74,8061,
eswayze@sunnamplex.com,house,1509,64,,88221,electric
esweely@labdrill.com,condominium,623,73,73,33538,"gas,fuel oil"
etegarden@plexzap.com,condominium,1083,,74,75009,
etheodorov@sumace.com,townhome,913,71,,7175,"electric,gas,steam"
ethreets@xx-holding.com,house,1180,67,75,31002,electric
ethyberg@rangreen.com,house,642,67,74,29944,electric
ethyberg@xx-zobam.com,condominium,2193,70,73,62052,"gas,fuel oil"
etillotson@ron-tech.com,townhome,2101,,74,18070,"electric,gas"
etoelkes@kinnamplus.com,townhome,681,72,72,50392,"electric,gas"
etolfree@treequote.com,apartment,1162,,70,46040,"electric,gas,steam"
etollner@opentech.com,house,1684,64,71,24486,"electric,gas,steam"
etoyama@y-corporation.com,apartment,670,73,,12302,electric
etreston@cancity.com,townhome,1149,78,70,33443,fuel oil
etromblay@sonron.com,townhome,891,65,71,50647,"electric,gas,fuel oil"
eupthegrove@zumgoity.com,townhome,1935,77,,78721,fuel oil
evarriano@nam-zim.com,townhome,893,70,72,65211,electric
evillanueva@hottechi.com,condominium,1083,75,75,77343,"electric,gas"
evillanueva@labdrill.com,apartment,60,71,69,23810,electric
evillanueva@scottech.com,apartment,413,,72,16602,gas
evocelka@opentech.com,house,1872,78,75,16159,"electric,gas,steam"
ewalthall@betasoloin.com,apartment,767,78,71,640,
ewardrip@ontomedia.com,house,1454,,73,2715,
ewaymire@singletechno.com,house,1383,69,73,46511,gas
ewide@groovestreet.com,house,2464,75,74,55331,gas
ewolny@year-job.com,apartment,1154,74,72,2216,steam
eyaw@treequote.com,condominium,1036,73,76,28305,"gas,fuel oil"
eyum@plusstrip.com,apartment,489,71,71,45382,electric
ezagen@doncon.com,house,3214,73,69,21275,electric
ezagen@silis.com,apartment,580,74,75,5662,
ezane@labdrill.com,apartment,958,,75,77708,fuel oil
ezepp@zathunicon.com,house,689,76,,62992,
fabdallah@y-corporation.com,house,573,68,71,5833,"electric,gas,fuel oil"
fagramonte@fasehatice.com,townhome,143,70,72,53725,"electric,steam"
fandreason@kinnamplus.com,house,1175,72,74,35978,gas
fankeny@year-job.com,mobile home,479,70,,13838,electric
farceo@bioplex.com,house,2078,70,,76460,gas
fauber@j-texon.com,house,110,72,75,89438,"electric,gas"
fbarfield@y-corporation.com,house,1425,75,71,6320,"electric,gas"
fbartolet@rundofase.com,house,1425,70,70,54149,"electric,gas"
fbartolet@xx-zobam.com,mobile home,481,66,,93291,"electric,gas,fuel oil"
fbirkner@streethex.com,condominium,517,,75,61342,steam
fbitsuie@finhigh.com,house,1345,65,71,39110,electric
fbitsuie@inity.com,house,800,75,,6517,electric
fbriddick@bioplex.com,townhome,71,77,,15758,electric
fbrossart@toughzap.com,house,1843,70,74,37659,fuel oil
fbubash@nam-zim.com,apartment,1072,68,,92083,
fbuzick@hatfan.com,house,659,73,71,35031,electric
fcallaro@groovestreet.com,townhome,732,74,73,40808,"gas,fuel oil"
fcampain@mathtouch.com,mobile home,327,75,73,5776,"electric,gas,fuel oil"
fcaudy@newex.com,townhome,1791,69,72,22185,"electric,gas"
fcetta@lexiqvolax.com,apartment,523,67,75,45622,"electric,gas"
fchaffins@xx-holding.com,house,2180,,70,46283,electric
fchaffins@zathunicon.com,house,2557,73,72,42410,"electric,gas"
fchui@conecom.com,house,3055,71,,36422,electric
fcloney@rantouch.com,house,1154,69,68,40488,
fcolaizzo@green-plus.com,house,723,76,74,53572,"electric,steam,fuel oil"
fcolla@statholdings.com,house,1737,,74,60639,gas
fcomnick@plusstrip.com,apartment,1636,70,,56037,steam
fcookey@rangreen.com,house,887,77,70,61942,"electric,gas"
fcorrio@plussunin.com,townhome,640,75,,24352,
fdegonia@blackzim.com,house,967,74,71,29056,"electric,gas,fuel oil"
fdenooyer@newex.com,condominium,1484,68,,48234,electric
fdinos@yearin.com,house,690,76,,64751,"electric,gas"
fdopico@statholdings.com,house,2011,73,76,24557,electric
fdrymon@statholdings.com,apartment,543,69,76,52308,gas
fduenas@labdrill.com,house,700,,,8850,"electric,gas"
fduenas@treequote.com,house,96,,75,67216,"gas,fuel oil"
fennaco@mathtouch.com,apartment,994,,71,84717,electric
fennaco@toughzap.com,house,1535,68,75,22211,electric
feroman@newex.com,apartment,1408,72,,83126,"electric,gas"
feschberger@fasehatice.com,condominium,1133,72,72,12575,"electric,gas,fuel oil"
ffern@fasehatice.com,apartment,133,69,72,21790,"electric,gas"
ffigeroa@isdom.com,apartment,946,65,70,18471,
ffigeroa@lexiqvolax.com,condominium,2135,74,74,95123,"electric,gas,fuel oil"
ffishburne@groovestreet.com,house,649,73,,20164,gas
fflister@ganjaflex.com,house,1542,70,72,67574,"electric,gas"
ffortino@faxquote.com,apartment,968,78,73,10179,
ffrankel@green-plus.com,house,1235,70,72,11726,gas
ffrankel@kan-code.com,condominium,516,77,73,51462,gas
ffredicks@ganjaflex.com,apartment,1563,74,71,85254,
ffunnell@j-texon.com,condominium,1365,74,,43545,gas
fgabisi@ontomedia.com,apartment,1636,,71,82834,electric
fgood@mathtouch.com,house,2163,71,72,36125,"electric,steam"
fgrenet@konmatfix.com,condominium,3051,67,71,84732,electric
fhamilton@golddex.com,mobile home,427,69,,91184,
fharabedian@funholding.com,house,1963,69,,29601,"gas,fuel oil"
fharabedian@xx-zobam.com,apartment,862,69,74,43140,
fharnos@groovestreet.com,house,151,69,71,1854,"electric,gas,fuel oil"
fharoldson@sonron.com,townhome,2960,70,70,18942,"electric,steam"
fhaufler@donquadtech.com,house,3239,74,71,30734,
fherritt@singletechno.com,house,1454,75,74,36047,gas
fhixenbaugh@treequote.com,apartment,652,,69,15953,
fhoffis@nam-zim.com,condominium,1130,74,72,15849,gas
fhollack@sonron.com,apartment,752,71,,72863,"electric,gas"
fhughey@green-plus.com,apartment,957,,72,55443,"gas,fuel oil"
finouye@y-corporation.com,apartment,980,,72,48316,electric
fisenhower@betasoloin.com,apartment,1214,,,20543,
fjeanty@domzoom.com,house,85,,,25844,"gas,fuel oil"
fjurney@isdom.com,mobile home,352,73,73,83604,gas
fjuvera@kinnamplus.com,apartment,443,72,76,90302,"electric,gas"
fkaniecki@plussunin.com,apartment,476,,74,70062,electric
fkannady@treequote.com,townhome,1171,73,72,22738,
fkines@iselectrics.com,townhome,87,66,71,76523,gas
fklang@cancity.com,townhome,2504,71,71,37351,"electric,gas"
fklang@ganjaflex.com,apartment,520,67,73,1374,
fkohnert@condax.com,townhome,2843,66,69,7981,gas
fkolmetz@xx-holding.com,apartment,998,70,72,66227,gas
fkusko@bioholding.com,apartment,597,,,93308,electric
flary@doncon.com,house,1338,,74,41645,
flatzke@mathtouch.com,house,1331,73,,81416,fuel oil
fleto@isdom.com,apartment,839,,,14034,"electric,steam"
fleto@sumace.com,apartment,455,68,75,95669,electric
fliukko@toughzap.com,townhome,112,75,74,15456,gas
flizama@dontechi.com,townhome,1966,66,70,47722,gas
floder@openlane.com,house,737,74,73,79064,"electric,steam"
florens@lexiqvolax.com,house,731,71,72,63441,"electric,gas,fuel oil"
florens@y-corporation.com,apartment,1293,67,70,6877,electric
flukasik@hatfan.com,house,176,75,,72865,"electric,gas"
fmaillard@codehow.com,condominium,933,71,,18433,"gas,fuel oil"
fmalet@sunnamplex.com,condominium,740,71,,95463,
fmarrier@condax.com,house,1647,69,73,29850,"electric,fuel oil"
fmaybury@plusstrip.com,apartment,337,69,,18447,"electric,steam"
fmcdoniel@hatfan.com,condominium,96,73,68,21865,"electric,gas,steam"
fmconnell@treequote.com,apartment,1615,74,74,41238,gas
fmcrae@condax.com,house,721,74,74,62973,
fmerced@iselectrics.com,condominium,1118,69,72,24324,electric
fmerced@konmatfix.com,condominium,1692,77,71,63363,"electric,gas"
fmirafuentes@domzoom.com,condominium,52,69,72,24854,electric
fmodzelewski@conecom.com,apartment,985,71,,56591,fuel oil
fmondella@dambase.com,house,1724,76,74,53946,electric
fmorasca@domzoom.com,house,1226,73,74,10112,"electric,fuel oil"
fmulqueen@donquadtech.com,house,665,74,72,47801,"gas,fuel oil"
fnayar@lexiqvolax.com,condominium,104,66,,43357,"electric,gas"
fneither@statholdings.com,apartment,1028,,,30108,electric
fnewville@bioplex.com,townhome,983,73,72,31914,
fnewville@cancity.com,apartment,1992,,71,48865,gas
fnunlee@dalttechnology.com,house,2398,72,72,19893,"electric,gas"
fohms@zumgoity.com,apartment,1241,68,73,44833,gas
fonofrio@inity.com,apartment,3064,66,,50658,
fpaskin@sumace.com,apartment,1021,68,72,56046,"electric,gas"
fpatak@bioplex.com,house,1496,76,,48176,electric
fpaulas@ron-tech.com,apartment,603,76,73,23408,"electric,gas,fuel oil"
fpedrozo@bioholding.com,townhome,97,74,72,78067,gas
fpedrozo@domzoom.com,house,960,73,,19371,"electric,steam"
fpedrozo@rundofase.com,apartment,749,75,,45867,"electric,fuel oil"
fpelkowski@sumace.com,apartment,582,75,72,46502,"electric,gas,fuel oil"
fperruzza@codehow.com,apartment,1539,77,73,58507,fuel oil
fpontoriero@ron-tech.com,mobile home,191,65,71,65470,
fpoquette@conecom.com,apartment,460,73,72,91896,electric
fpoquette@rantouch.com,apartment,554,73,76,24986,
fpoullion@iselectrics.com,townhome,1253,74,69,16738,
freiber@ganjaflex.com,apartment,1675,76,72,28770,gas
frentfro@donware.com,house,216,75,,48616,gas
frowling@doncon.com,house,739,76,72,78565,"gas,steam"
frulapaugh@finjob.com,house,758,75,74,6334,
frulapaugh@stanredtax.com,townhome,1475,74,74,54670,
frulapaugh@streethex.com,house,1570,75,72,28672,"electric,gas"
fscriven@streethex.com,house,1731,72,72,84784,
fseewald@condax.com,house,1669,77,70,62061,electric
fseewald@goodsilron.com,apartment,505,69,74,6269,"electric,gas"
fshealy@labdrill.com,townhome,1555,75,76,24829,"electric,gas"
fshin@ganjaflex.com,apartment,389,72,74,65611,fuel oil
fshinko@iselectrics.com,house,1645,78,,46170,gas
fsilvestrini@scotfind.com,mobile home,178,75,73,33624,electric
fsimilton@toughzap.com,house,2780,75,71,94252,gas
fslusarski@dalttechnology.com,house,2976,71,69,65560,"electric,gas,steam"
fstem@isdom.com,house,1263,,,94662,"electric,gas"
fstem@zotware.com,apartment,1365,,73,99346,
fstorment@rundofase.com,apartment,1415,76,,23038,electric
fstrassner@bioholding.com,apartment,980,71,72,64865,electric
ftawil@doncon.com,condominium,1250,75,,59701,"gas,fuel oil"
ftimenez@isdom.com,house,697,67,69,79342,electric
ftimenez@y-corporation.com,apartment,366,70,69,91301,steam
ftoelkes@zotware.com,townhome,1180,78,72,3278,electric
ftolfree@sunnamplex.com,apartment,795,69,72,40282,"electric,gas,steam"
ftomasulo@ron-tech.com,apartment,161,76,73,55716,
fvocelka@conecom.com,apartment,387,75,,92309,
fwalthall@ganjaflex.com,mobile home,1738,70,,61576,
fwaycott@betatech.com,townhome,933,,,86018,
fweight@plussunin.com,apartment,62,75,,28434,electric
fwenner@j-texon.com,townhome,946,73,74,45601,"electric,gas"
fwhobrey@plussunin.com,house,914,75,,80476,
fwhobrey@streethex.com,house,2019,,,32776,"electric,steam"
fwiklund@groovestreet.com,mobile home,464,64,73,32170,
fwildfong@inity.com,condominium,735,74,,33713,gas
fwitten@rantouch.com,apartment,601,66,,74463,"electric,gas,steam"
fwolny@yearin.com,house,993,70,72,81015,electric
fworlds@stanredtax.com,condominium,952,78,69,59262,"electric,gas"
fyori@opentech.com,condominium,213,76,73,65299,gas
fzagen@donquadtech.com,townhome,1122,,72,49565,"electric,fuel oil"
gamyot@finjob.com,house,1665,,,23878,"gas,steam"
gamyot@nam-zim.com,apartment,475,,,55347,electric
gandreason@conecom.com,townhome,657,74,71,57274,"electric,fuel oil"
gankeny@rundofase.com,apartment,510,74,73,66012,"electric,gas"
garceo@funholding.com,townhome,866,71,71,37939,
garceo@labdrill.com,apartment,818,70,,27019,"electric,fuel oil"
garceo@treequote.com,condominium,1242,76,72,20061,gas
garedondo@year-job.com,house,1857,67,,98233,"electric,gas"
gasar@cancity.com,apartment,885,69,73,17061,"electric,gas"
gasar@konmatfix.com,condominium,1017,69,71,41033,"electric,gas"
gauffrey@hottechi.com,apartment,1765,76,73,21502,
gauffrey@konmatfix.com,house,1677,70,71,58792,"electric,gas"
gbachman@golddex.com,house,1504,,,21703,gas
gbarfield@plexzap.com,townhome,1081,,,86510,gas
gbarfield@statholdings.com,condominium,189,74,73,67862,gas
gbatman@streethex.com,house,1227,75,71,19080,
gbennick@ganjaflex.com,house,1315,,70,27012,electric
gberlanga@silis.com,condominium,1131,69,,65501,electric
gberray@hottechi.com,house,2039,70,73,98390,gas
gbevelacqua@zencorporation.com,mobile home,427,71,,32763,electric
gbiddy@donquadtech.com,mobile home,245,67,73,38053,"electric,gas"
gbolognia@year-job.com,townhome,1788,73,76,98503,"electric,fuel oil"
gbookamer@streethex.com,townhome,563,70,71,42267,fuel oil
gborgman@singletechno.com,house,772,69,69,34984,electric
gbrossart@goodsilron.com,condominium,682,65,70,20429,electric
gbubash@rangreen.com,condominium,540,76,,68925,electric
gburnard@cancity.com,apartment,561,,,33004,"electric,gas,steam"
gbutt@plussunin.com,apartment,1320,71,,19341,steam
gbutzen@streethex.com,apartment,1066,,74,26720,
gbuzick@yearin.com,condominium,482,75,72,80234,"electric,gas"
gcaiafa@j-texon.com,apartment,930,73,70,72137,fuel oil
gcaldarera@lexiqvolax.com,house,2217,69,72,12257,"electric,steam"
gcaldarera@zathunicon.com,apartment,1431,72,68,54806,electric
gcampain@fasehatice.com,townhome,886,,71,30517,
gcampain@goodsilron.com,house,656,73,75,29353,gas
gcandlish@ron-tech.com,condominium,863,70,76,17372,fuel oil
gcanlas@ganjaflex.com,apartment,453,76,,63966,
gcaudy@doncon.com,townhome,1130,77,71,63782,electric
gcetta@zoomit.com,apartment,370,70,72,48733,
gchaffins@stanredtax.com,house,1868,,,30739,
gchui@fasehatice.com,townhome,1154,67,68,27613,
gchui@gogozoom.com,apartment,426,72,72,42376,"electric,gas,fuel oil"
gchui@ontomedia.com,townhome,1155,67,73,5675,"electric,gas,fuel oil"
gcolaizzo@xx-holding.com,house,841,71,69,1107,"electric,gas,fuel oil"
gcorrington@ontomedia.com,house,1618,64,73,66431,
gcorrington@y-corporation.com,apartment,438,,,17105,
gcorrio@plexzap.com,apartment,2067,72,,62314,electric
gcousey@doncon.com,apartment,1034,76,,61333,electric
gcousey@newex.com,townhome,1436,73,74,30619,"electric,gas"
gcoyier@cancity.com,apartment,592,73,76,7043,"electric,gas"
gcoyier@green-plus.com,house,638,69,,33567,electric
gcoyier@groovestreet.com,house,2904,72,73,25802,gas
gcronauer@xx-holding.com,house,2430,,,16046,fuel oil
gdelasancha@hottechi.com,apartment,2023,,74,19605,"electric,gas,steam"
gdelasancha@j-texon.com,apartment,938,73,,5073,gas
gdelasancha@scotfind.com,house,1698,69,76,12204,gas
gdelasancha@scottech.com,house,1041,,,72149,electric
gdelasancha@sumace.com,house,759,73,72,89123,
gdevreese@finhigh.com,apartment,587,74,74,2177,"electric,fuel oil"
gdilliard@groovestreet.com,apartment,886,68,71,34234,fuel oil
gdinos@zencorporation.com,house,680,72,71,31210,"electric,steam"
gdopico@warephase.com,apartment,1147,73,73,28079,"electric,gas"
gdopico@zathunicon.com,house,66,77,73,62656,"electric,gas,fuel oil"
gduenas@funholding.com,house,1968,67,75,29470,electric
gduenas@iselectrics.com,apartment,842,77,72,72320,"electric,gas"
gduenas@lexiqvolax.com,apartment,157,75,69,62756,
geanes@openlane.com,house,771,,,78055,gas
gehmann@cancity.com,house,1509,71,,12201,"electric,gas"
gennaco@rundofase.com,house,1628,69,74,99066,
geroman@donware.com,apartment,109,74,71,2375,gas
geroman@xx-holding.com,townhome,68,76,71,31709,
geschberger@donware.com,apartment,1970,74,74,17314,
gestell@newex.com,house,1159,74,73,68330,gas
gferrario@domzoom.com,apartment,2258,64,71,27802,electric
gferrario@konex.com,apartment,915,76,72,35485,"steam,fuel oil"
gfigeroa@kinnamplus.com,apartment,723,71,72,62868,fuel oil
gfishburne@dambase.com,house,1494,69,,19192,
gfishburne@plexzap.com,apartment,500,73,,70665,electric
gfishburne@plusstrip.com,house,1245,75,73,2030,"gas,steam"
gflosi@condax.com,apartment,469,74,,65332,"electric,fuel oil"
gflosi@faxquote.com,condominium,579,74,73,3883,
gfritz@donware.com,townhome,615,72,73,28369,electric
ggabisi@codehow.com,apartment,623,,,77069,gas
ggabisi@ganjaflex.com,house,2237,72,71,82010,"electric,gas"
ggellinger@codehow.com,house,1075,,,23240,gas
ggellinger@xx-zobam.com,apartment,1287,73,73,97817,electric
ggesick@nam-zim.com,apartment,1444,74,72,97212,"electric,fuel oil"
ggibes@ron-tech.com,house,1477,,73,99019,gas
ggiguere@iselectrics.com,mobile home,484,75,,46239,electric
ggiguere@scotfind.com,house,3176,,73,25164,
ggiguere@singletechno.com,apartment,950,,74,43002,gas
ggillian@scottech.com,condominium,1292,73,,27978,electric
ggleich@zathunicon.com,house,1231,,74,12464,electric
gglick@sonron.com,house,1760,75,75,29170,"electric,gas"
ggoldammer@plexzap.com,house,1392,72,74,68341,"electric,gas"
ggood@silis.com,apartment,1235,77,71,17606,
ggood@xx-holding.com,house,785,76,70,54744,"electric,fuel oil"
ggotter@zumgoity.com,condominium,2721,74,70,2111,"electric,fuel oil"
ggreenbush@zotware.com,townhome,936,75,73,83676,electric
ggrenet@faxquote.com,house,1952,73,,70158,
ghagele@bioholding.com,apartment,1002,,71,27862,
ghamilton@doncon.com,house,786,70,72,87501,"electric,gas"
ghamilton@ganjaflex.com,house,1344,71,73,63461,gas
gharabedian@zotware.com,apartment,62,76,73,74027,steam
ghaufler@hatfan.com,apartment,599,73,75,90089,electric
ghengel@zoomit.com,townhome,650,,73,35771,"gas,fuel oil"
ghoa@inity.com,townhome,2799,76,73,29821,electric
ghoffis@dambase.com,apartment,428,70,70,54611,
ghoffis@ganjaflex.com,house,2118,,74,6470,gas
ghoffis@year-job.com,townhome,905,73,73,72716,gas
ghollack@opentech.com,apartment,1622,76,72,98581,gas
ghughey@golddex.com,townhome,1291,72,,57661,"electric,fuel oil"
ghughey@konex.com,house,604,68,72,61862,gas
ghughey@y-corporation.com,apartment,545,76,,92404,electric
ginouye@scottech.com,house,1210,,73,53558,"electric,gas"
gkannady@finhigh.com,condominium,1608,77,71,21852,electric
gkannady@yearin.com,house,928,72,75,21104,gas
gkardas@ganjaflex.com,townhome,692,72,,49952,fuel oil
gkardas@groovestreet.com,house,547,76,74,76670,"electric,gas"
gkarpel@goodsilron.com,house,3365,75,70,94949,electric
gkeener@plussunin.com,condominium,1475,76,72,92143,gas
gkiel@plussunin.com,house,1418,72,74,66780,steam
gkines@zumgoity.com,condominium,510,74,,96715,gas
gkippley@xx-holding.com,house,3479,75,73,55127,electric
gklonowski@iselectrics.com,townhome,567,,73,43551,fuel oil
gklusman@openlane.com,apartment,1695,,,57437,
gknipp@scotfind.com,townhome,2322,72,,59844,"gas,fuel oil"
gkolmetz@nam-zim.com,apartment,833,70,,25621,electric
gkusko@singletechno.com,house,1478,71,,74441,gas
glapage@konex.com,apartment,997,69,73,73722,steam
glary@ganjaflex.com,house,650,,73,80221,fuel oil
glawler@hottechi.com,apartment,1566,67,69,60435,electric
glimmel@lexiqvolax.com,house,703,69,74,6497,gas
glimmel@scottech.com,house,2955,75,73,51331,electric
glindall@rundofase.com,townhome,1075,69,75,63107,gas
glipke@zathunicon.com,house,1515,64,73,1337,
glipkin@iselectrics.com,apartment,983,76,,40032,fuel oil
gliukko@golddex.com,condominium,87,69,70,14787,electric
gliukko@kinnamplus.com,apartment,1450,77,74,66024,gas
gloader@dontechi.com,condominium,1247,,,63137,"electric,gas"
glueckenbach@faxquote.com,apartment,785,72,,71066,electric
glukasik@streethex.com,house,1714,69,73,66225,
gmadarang@dalttechnology.com,townhome,1118,74,75,31776,
gmadarang@lexiqvolax.com,apartment,422,71,,25719,
gmaile@betatech.com,house,755,76,75,40744,electric
gmallett@konmatfix.com,house,2364,73,71,22205,gas
gmarrier@rantouch.com,apartment,1292,75,,16375,"gas,fuel oil"
gmaybury@openlane.com,apartment,596,76,72,43828,fuel oil
gmaybury@opentech.com,mobile home,126,67,73,70073,gas
gmaynerich@plussunin.com,townhome,1220,76,68,71823,fuel oil
gmccullan@opentech.com,townhome,2267,68,74,74171,gas
gmcnease@betasoloin.com,condominium,812,75,76,15265,"electric,fuel oil"
gmcrae@inity.com,townhome,1777,73,75,38945,"gas,fuel oil"
gmeinerding@fasehatice.com,apartment,1961,66,74,75770,"electric,fuel oil"
gmeteer@scottech.com,house,1099,71,75,6137,"electric,gas,fuel oil"
gmiceli@betasoloin.com,mobile home,241,76,74,98632,electric
gmiceli@yearin.com,house,724,71,69,88211,"electric,fuel oil"
gmirafuentes@condax.com,townhome,1304,68,74,93530,
gmodzelewski@xx-holding.com,house,796,75,72,93001,"electric,gas,fuel oil"
gmorasca@sunnamplex.com,house,1437,,72,70808,gas
gmotley@zencorporation.com,mobile home,319,73,71,79701,gas
gmunis@kan-code.com,apartment,940,75,71,45360,electric
gnicka@ron-tech.com,house,3048,72,71,41397,electric
gnicolozakes@dambase.com,apartment,815,69,70,37840,
gnievas@plexzap.com,apartment,162,67,72,83221,"electric,gas"
gnunlee@treequote.com,house,2990,74,72,5863,gas
gostolaza@konex.com,townhome,612,66,,37162,electric
gostrosky@y-corporation.com,apartment,804,73,74,49097,"electric,gas"
gostrosky@zoomit.com,condominium,1215,,74,95126,electric
gpalaia@xx-zobam.com,house,902,70,74,46581,"steam,fuel oil"
gpapasergi@scottech.com,townhome,734,68,74,62018,electric
gpaprocki@dontechi.com,apartment,866,76,,81027,"electric,steam"
gparlato@faxquote.com,house,1615,75,,52249,"electric,gas"
gpedrozo@betatech.com,apartment,3440,67,,33431,fuel oil
gperez@zumgoity.com,house,1161,69,,12732,electric
gperigo@zumgoity.com,house,903,70,73,49326,"electric,gas"
gperin@treequote.com,house,1714,73,75,93420,
gperin@year-job.com,apartment,722,71,,44445,"gas,fuel oil"
gpoquette@konex.com,mobile home,209,76,72,93649,"electric,gas"
greiber@y-corporation.com,apartment,955,72,,12075,gas
greitler@fasehatice.com,house,611,72,74,51025,"electric,gas"
grentfro@iselectrics.com,apartment,1381,75,71,87821,gas
grentfro@treequote.com,house,1643,73,75,46376,
grhymes@konmatfix.com,apartment,1522,76,73,14030,electric
grochin@opentech.com,condominium,487,74,73,91731,
grodeigues@hatfan.com,house,1689,71,74,50210,"gas,fuel oil"
grodeigues@treequote.com,house,2221,69,,3784,"electric,gas,steam"
grodenberger@lexiqvolax.com,apartment,963,72,73,65814,"electric,fuel oil"
growling@konex.com,apartment,453,72,76,62053,electric
groyster@doncon.com,townhome,726,71,,74853,gas
grulapaugh@codehow.com,house,675,74,74,51647,"electric,gas"
gryser@codehow.com,condominium,470,66,,2902,gas
gsahagun@rangreen.com,apartment,1687,72,,34101,
gsamara@mathtouch.com,apartment,1562,68,73,85264,"electric,gas"
gsamu@funholding.com,house,2105,,73,18619,gas
gsamu@warephase.com,house,1076,73,72,49640,gas
gsaras@doncon.com,condominium,2641,73,68,66857,electric
gsarbacher@conecom.com,house,2246,71,,95542,fuel oil
gschieler@finhigh.com,apartment,1970,74,71,13780,
gschoeneck@funholding.com,house,240,71,,44431,electric
gschoeneck@y-corporation.com,house,843,73,73,4773,"electric,gas,fuel oil"
gscriven@plexzap.com,apartment,740,,,22727,
gsengbusch@treequote.com,house,1311,69,73,2205,"electric,gas"
gshadrick@plusstrip.com,townhome,949,74,76,45231,"electric,gas"
gshinko@silis.com,mobile home,38,,,15783,
gshire@kinnamplus.com,house,2170,,68,16228,
gsilvestrini@ron-tech.com,apartment,475,,,42761,electric
gsilvestrini@toughzap.com,condominium,544,75,74,41037,gas
gsimilton@kan-code.com,house,986,73,75,95607,gas
gsimilton@warephase.com,house,720,73,71,92605,"electric,gas"
gskulski@zotware.com,townhome,1734,73,,24363,"electric,fuel oil"
gskursky@yearin.com,apartment,451,65,72,12029,gas
gsmith@doncon.com,mobile home,480,73,73,43338,fuel oil
gspringe@bioplex.com,apartment,703,,,75310,electric
gstockham@sunnamplex.com,house,2255,68,,79078,gas
gstoltzman@plexzap.com,townhome,532,75,73,62987,"electric,gas"
gstoltzman@plusstrip.com,mobile home,114,73,,24151,"electric,fuel oil"
gstoltzman@streethex.com,house,911,75,73,7602,
gsweigard@faxquote.com,apartment,153,65,71,17215,
gtagala@dambase.com,apartment,397,72,,27630,"electric,fuel oil"
gtawil@toughzap.com,apartment,936,76,,18214,"electric,gas"
gtegarden@ron-tech.com,apartment,94,74,,16049,gas
gtheodorov@funholding.com,apartment,715,69,72,15920,"electric,gas"
gthyberg@rantouch.com,mobile home,268,71,70,15923,"electric,gas"
gthyberg@ron-tech.com,apartment,1327,75,70,7043,"electric,gas"
gtimenez@y-corporation.com,condominium,1077,,73,20207,"electric,steam"
gtjepkema@codehow.com,apartment,1635,70,,91301,
gtjepkema@plusstrip.com,condominium,2531,70,73,30562,"electric,gas"
gtomasulo@scottech.com,apartment,776,76,71,62272,gas
gtomasulo@year-job.com,house,1747,64,73,66539,
gtomblin@statholdings.com,apartment,1315,70,75,53142,gas
gtoyama@streethex.com,apartment,797,73,73,10538,"electric,gas"
gtromblay@singletechno.com,condominium,1962,78,70,48234,electric
gturinetti@mathtouch.com,house,1292,,73,50165,"electric,fuel oil"
gvanheusen@faxquote.com,condominium,1407,74,72,76205,"electric,fuel oil"
gvenere@cancity.com,apartment,1157,74,75,70112,"electric,steam,fuel oil"
gvenere@gogozoom.com,mobile home,943,76,74,63197,"electric,gas"
gventura@toughzap.com,mobile home,516,76,75,40177,
gvinning@golddex.com,apartment,1553,,,57538,gas
gwaycott@goodsilron.com,apartment,646,71,72,60330,electric
gwaycott@sumace.com,house,2139,75,73,28777,electric
gwaymire@bioplex.com,apartment,825,71,72,19002,"electric,gas"
gweglarz@opentech.com,house,1230,69,74,79778,electric
gwesterbeck@iselectrics.com,townhome,1170,71,72,47929,steam
gwieser@bioholding.com,house,1665,67,73,37419,
gwiklund@cancity.com,condominium,1096,76,,55006,electric
gwildfong@kan-code.com,apartment,915,70,74,92823,gas
gworlds@lexiqvolax.com,house,758,69,70,42302,
gwrinkles@hatfan.com,apartment,3394,75,74,40209,electric
gzagen@donware.com,house,1277,68,74,75043,electric
gzurcher@bioplex.com,townhome,659,75,71,63005,
habdallah@golddex.com,condominium,1023,74,,19033,electric
halbares@betatech.com,house,1197,70,71,8352,"electric,steam"
hauffrey@sonron.com,house,728,71,73,5701,electric
hbarfield@isdom.com,house,1847,73,74,85240,electric
hbevelacqua@inity.com,house,707,72,,18661,electric
hbevelacqua@konmatfix.com,apartment,2003,70,74,71365,gas
hbevelacqua@stanredtax.com,house,1777,75,72,7628,gas
hblackwood@konex.com,apartment,438,,75,62863,
hblunk@dambase.com,apartment,48,76,72,74818,gas
hboulter@cancity.com,mobile home,301,70,,28438,electric
hbourbon@zencorporation.com,house,788,73,72,83857,"electric,gas"
hbrachle@finhigh.com,house,1043,65,73,10921,electric
hbrachle@nam-zim.com,apartment,408,77,73,57449,"electric,fuel oil"
hbuemi@newex.com,condominium,1338,67,72,14753,"electric,gas"
hburnard@finjob.com,house,894,75,74,47147,
hbuvens@betatech.com,apartment,961,71,72,17941,electric
hbuvens@silis.com,apartment,1094,,75,32791,fuel oil
hbuzick@donware.com,condominium,95,72,75,40526,electric
hcallaro@bioplex.com,condominium,60,73,72,41201,"electric,gas,steam"
hcampain@scotfind.com,townhome,908,,74,30072,
hcandlish@kinnamplus.com,apartment,928,75,70,60803,"electric,gas,steam"
hcanlas@gogozoom.com,house,1211,72,72,41091,electric
hcaudy@dalttechnology.com,apartment,453,69,73,27379,electric
hchavous@gogozoom.com,house,2475,,,1341,"steam,fuel oil"
hchavous@openlane.com,townhome,1274,77,73,49629,"electric,gas"
hchickering@dambase.com,apartment,1355,73,72,95253,gas
hcomnick@opentech.com,apartment,1384,70,73,94405,"electric,gas"
hcork@betatech.com,house,2220,71,72,85003,
hcoyier@goodsilron.com,apartment,1307,71,75,97408,
hcrupi@dontechi.com,townhome,1174,,,64055,electric
hdelasancha@finjob.com,mobile home,446,71,,45646,gas
hdemesa@zoomit.com,townhome,2497,70,72,60152,gas
hdewar@dambase.com,house,594,74,,47374,electric
hdewar@domzoom.com,condominium,714,69,,92255,"gas,fuel oil"
hdilliard@zumgoity.com,house,1808,76,74,38027,gas
hdopico@zencorporation.com,house,584,72,75,42085,electric
hdorshorst@ontomedia.com,house,710,74,,12196,
hdubaldi@green-plus.com,townhome,1904,73,70,3896,electric
heroman@treequote.com,apartment,1420,67,72,40076,"electric,gas"
hfillingim@kan-code.com,house,1181,73,69,89135,electric
hfillingim@opentech.com,house,996,71,72,74082,
hfoller@doncon.com,house,2531,73,70,19087,gas
hfrancescon@iselectrics.com,condominium,1447,69,72,44509,"gas,fuel oil"
hfrerking@bioplex.com,condominium,1307,72,73,60615,
hfrey@inity.com,house,2467,,68,48866,gas
hfunnell@zencorporation.com,apartment,1077,,71,27356,electric
hgato@dambase.com,house,591,75,,95798,electric
hgato@ontomedia.com,house,713,76,72,44401,"electric,steam"
hgesick@betasoloin.com,house,1602,73,72,63878,"electric,gas"
hgiguere@zotware.com,apartment,1139,,69,92281,"electric,gas"
hgood@groovestreet.com,house,548,,,59868,electric
hgrenet@streethex.com,apartment,1407,75,72,44671,electric
hhagele@konex.com,house,1073,76,72,73641,electric
hhanafan@scotfind.com,house,1433,78,73,47048,"electric,gas,fuel oil"
hhanafan@warephase.com,house,2011,72,73,7738,
hharabedian@zotware.com,apartment,677,,,6031,steam
hheintzman@zencorporation.com,house,2435,77,,12834,
hhirpara@dalttechnology.com,apartment,1064,69,71,8097,gas
hhoffis@zumgoity.com,house,954,,71,29469,"electric,gas"
hhoneywell@groovestreet.com,condominium,1547,74,72,67938,"electric,fuel oil"
hhoneywell@labdrill.com,house,2090,75,71,30165,
hhughey@ganjaflex.com,house,2862,,,12542,
hjacobos@scotfind.com,mobile home,167,73,74,32341,"electric,gas"
hkalafatis@openlane.com,house,1515,69,71,46298,
hkannady@silis.com,house,1996,74,72,44128,"electric,gas"
hkippley@faxquote.com,house,2144,68,69,5069,electric
hkippley@hottechi.com,house,242,72,72,5051,electric
hklonowski@plexzap.com,house,233,73,74,32346,gas
hkohnert@bioholding.com,apartment,521,76,72,75689,"gas,steam"
hkorando@domzoom.com,townhome,1463,74,74,62466,"electric,gas"
hkownacki@kan-code.com,townhome,2019,76,,32447,gas
hkusko@rundofase.com,apartment,380,71,72,22548,gas
hlayous@blackzim.com,townhome,88,70,74,56650,fuel oil
hleinenbach@plexzap.com,house,1636,66,75,30390,electric
hleinenbach@zoomit.com,townhome,1161,67,70,29111,electric
hlinahan@scottech.com,house,2104,71,74,11366,
hlizama@zoomit.com,apartment,878,73,73,2156,steam
hlorens@dontechi.com,townhome,1046,67,71,70522,"electric,steam"
hlouissant@dalttechnology.com,house,1046,72,69,70079,electric
hlouissant@j-texon.com,apartment,1148,69,,95006,electric
hlouissant@rundofase.com,house,1645,69,,74132,electric
hlukasik@betatech.com,house,643,66,,24565,
hmaillard@doncon.com,condominium,194,75,,30364,electric
hmaillard@hatfan.com,apartment,544,,72,11577,"electric,gas"
hmalet@funholding.com,condominium,2013,74,71,32095,electric
hmalvin@scotfind.com,apartment,808,73,76,18708,electric
hmarrier@condax.com,house,678,,74,28603,"electric,gas,steam,fuel oil"
hmastella@goodsilron.com,house,169,69,72,80498,
hmclaird@bioplex.com,townhome,2034,72,72,44704,"electric,gas"
hmconnell@conecom.com,condominium,507,,73,10279,electric
hmcrae@konex.com,house,627,70,70,85344,gas
hmcrae@newex.com,house,979,,71,35548,"electric,steam"
hmeisel@yearin.com,apartment,902,71,,68837,gas
hmeteer@openlane.com,house,1397,76,,14515,electric
hmeteer@year-job.com,townhome,74,75,71,79121,fuel oil
hmonterrubio@konex.com,townhome,670,75,71,96092,
hmyricks@domzoom.com,apartment,856,71,69,80428,"electric,steam"
hmyricks@kan-code.com,townhome,185,71,,72311,electric
hmyricks@lexiqvolax.com,apartment,1165,71,76,18949,gas
hnachor@green-plus.com,apartment,1147,73,69,95480,
hnayar@finhigh.com,condominium,1158,77,,38562,
hnievas@groovestreet.com,apartment,373,70,,20849,fuel oil
holdroyd@silis.com,condominium,802,72,,36776,"electric,fuel oil"
hostrosky@goodsilron.com,apartment,836,66,,36258,steam
hpadilla@zathunicon.com,house,1158,72,72,18631,"electric,gas"
hpaprocki@betatech.com,apartment,473,76,71,6365,
hpelkowski@hottechi.com,house,1399,74,73,44270,fuel oil
hpoullion@zoomit.com,apartment,411,73,,40862,electric
hrhymes@codehow.com,condominium,1080,72,,16872,electric
hriden@golddex.com,house,791,73,74,52562,fuel oil
hrim@dalttechnology.com,condominium,1794,70,69,50552,
hriopelle@y-corporation.com,condominium,667,70,73,98512,electric
hrochin@doncon.com,apartment,562,74,,29453,gas
hrulapaugh@donware.com,house,660,71,68,7760,gas
hsaulter@ontomedia.com,apartment,1928,75,74,96385,
hsaulter@scotfind.com,house,4449,73,73,75090,"electric,gas,fuel oil"
hsayaphon@yearin.com,house,795,71,73,88337,steam
hscheyer@goodsilron.com,townhome,1905,65,74,39595,fuel oil
hschmierer@plusstrip.com,apartment,1101,69,,76537,electric
hschnitzler@lexiqvolax.com,townhome,468,73,,45712,electric
hsergi@year-job.com,apartment,1486,72,73,76522,electric
hsetter@bioholding.com,house,2917,68,,50831,gas
hslayton@ontomedia.com,house,1819,73,,29588,electric
hstimmel@bioholding.com,townhome,1159,70,72,7302,"electric,gas,fuel oil"
hstorment@konmatfix.com,apartment,1910,68,,45036,"electric,steam,fuel oil"
hstorment@lexiqvolax.com,townhome,575,74,71,73117,
hsuell@mathtouch.com,apartment,936,72,,7980,electric
hsweely@dontechi.com,apartment,340,68,73,31405,
hsyrop@doncon.com,townhome,636,72,,33993,"electric,gas"
htawil@conecom.com,house,1486,65,,73090,"electric,gas"
htawil@openlane.com,townhome,182,,75,22810,gas
htegarden@finjob.com,condominium,1440,75,,11965,"electric,gas,fuel oil"
hthreets@gogozoom.com,house,1397,75,71,33991,
htimenez@bioplex.com,condominium,141,70,71,63744,
htjepkema@green-plus.com,mobile home,253,78,76,40730,"electric,gas"
htomasulo@hottechi.com,apartment,802,74,69,33257,
htreston@ganjaflex.com,townhome,718,74,76,24716,gas
hupthegrove@betatech.com,house,1665,68,,4030,"electric,gas"
hvanheusen@nam-zim.com,apartment,1593,74,72,14903,electric
hventura@inity.com,apartment,1813,77,74,93955,electric
hvillanueva@mathtouch.com,townhome,1078,69,73,67024,"electric,fuel oil"
hwaymire@toughzap.com,house,725,73,76,81411,
hweglarz@plexzap.com,house,1416,,,34108,electric
hwhobrey@conecom.com,mobile home,21,,,24363,electric
hwhobrey@ron-tech.com,condominium,760,64,,13865,
hwildfong@zotware.com,apartment,923,71,71,37801,electric
hwolny@j-texon.com,house,1508,68,71,3287,electric
hzepp@ganjaflex.com,house,1145,76,,37187,
hzepp@kan-code.com,house,606,74,,57466,electric
ialbares@sunnamplex.com,condominium,1254,74,71,37642,"electric,steam"
iamigon@fasehatice.com,apartment,88,,,54915,electric
iandreason@plusstrip.com,house,877,,73,71426,gas
iauffrey@plussunin.com,apartment,900,68,72,47649,"electric,gas,fuel oil"
ibachman@zoomit.com,house,1192,75,72,77467,electric
icantres@codehow.com,apartment,495,77,,19435,gas
icentini@sonron.com,apartment,379,75,76,18041,gas
iclaucherty@zoomit.com,apartment,844,76,73,12537,
idubaldi@zumgoity.com,apartment,840,73,74,33192,electric
ifeichtner@silis.com,house,4048,,74,52732,"electric,gas,fuel oil"
igoldammer@plusstrip.com,apartment,864,,,20752,"electric,fuel oil"
ihagele@funholding.com,house,1284,,72,14136,"electric,gas"
ihaufler@inity.com,apartment,836,,,15126,electric
iisaacs@doncon.com,apartment,811,69,73,75265,fuel oil
ikines@dontechi.com,townhome,142,,,56474,
ikoppinger@stanredtax.com,house,2168,71,,28261,"electric,fuel oil"
ikownacki@gogozoom.com,apartment,673,73,75,30139,gas
ilacovara@rantouch.com,apartment,288,76,71,11741,gas
imalvin@ontomedia.com,townhome,1394,72,68,24377,"electric,gas"
imanno@finhigh.com,mobile home,612,65,,91324,
imaynerich@newex.com,mobile home,296,73,72,28607,"electric,fuel oil"
imunns@dontechi.com,townhome,1006,73,72,28325,"electric,steam"
inicka@faxquote.com,condominium,648,73,72,62540,electric
ioles@finjob.com,apartment,433,72,,74960,"electric,gas"
iostrosky@finhigh.com,townhome,651,,71,43306,electric
ipaa@plexzap.com,mobile home,341,71,73,19961,
iparvis@scotfind.com,apartment,467,,70,77080,electric
irodeigues@konex.com,townhome,844,65,75,82003,gas
isamara@isdom.com,apartment,824,,72,98502,electric
isayaphon@labdrill.com,apartment,604,69,,74523,
iscipione@j-texon.com,mobile home,1417,74,72,63628,electric
itomasulo@zotware.com,house,2083,68,,79251,
iuyetake@kinnamplus.com,apartment,83,66,76,79042,gas
iwardrip@funholding.com,house,1077,73,75,95127,electric
iwaymire@sunnamplex.com,mobile home,271,73,,1532,electric
iwolny@finhigh.com,apartment,1510,73,73,78249,"gas,fuel oil"
iwolny@kan-code.com,apartment,405,,74,66429,"electric,gas"
jacey@condax.com,townhome,1157,72,71,1220,
jacey@dambase.com,apartment,121,69,73,99206,electric
jahle@xx-zobam.com,house,820,72,72,12527,"electric,fuel oil"
jandreason@groovestreet.com,townhome,63,69,70,55712,"gas,steam"
jankeny@betasoloin.com,house,999,73,76,46942,electric
jarias@labdrill.com,house,3964,71,70,44693,"electric,gas,fuel oil"
jauffrey@rantouch.com,apartment,876,,,8863,gas
jbachman@codehow.com,townhome,856,78,68,20566,
jbayless@scottech.com,townhome,2049,75,70,97339,gas
jbeech@dalttechnology.com,house,1137,69,76,17876,
jbeech@zumgoity.com,house,1537,71,,73530,fuel oil
jbenimadho@blackzim.com,townhome,1054,,69,6041,gas
jbenimadho@groovestreet.com,condominium,761,71,74,6791,gas
jberlanga@ganjaflex.com,house,850,69,71,3444,"electric,gas"
jberray@kinnamplus.com,townhome,62,,,61913,"electric,gas,fuel oil"
jbevelacqua@codehow.com,condominium,1327,,70,11236,gas
jbevelacqua@rundofase.com,apartment,44,75,76,60469,electric
jbitsuie@yearin.com,townhome,1466,74,,94165,gas
jblackwood@stanredtax.com,apartment,977,74,,46122,
jblunk@kinnamplus.com,apartment,774,76,,46933,gas
jblunk@plusstrip.com,house,675,69,70,19963,"electric,gas,steam,fuel oil"
jbookamer@dambase.com,house,1323,77,74,48301,electric
jbookamer@donquadtech.com,townhome,2374,69,,19432,"electric,fuel oil"
jborgman@codehow.com,house,1222,,,29458,gas
jborgman@statholdings.com,house,1492,77,76,11220,electric
jboulter@groovestreet.com,apartment,1119,69,71,20250,"gas,fuel oil"
jbourbon@funholding.com,apartment,1425,69,,29733,electric
jbourbon@opentech.com,house,748,69,,59931,gas
jbourbon@y-corporation.com,apartment,549,73,73,63560,
jbreland@opentech.com,townhome,747,76,72,65684,gas
jbriddick@scotfind.com,house,203,68,76,95117,"electric,fuel oil"
jbrideau@dambase.com,mobile home,32,72,72,84333,"electric,fuel oil"
jbrideau@finhigh.com,house,1763,76,,4069,gas
jbruschke@stanredtax.com,apartment,947,74,,91363,"electric,gas"
jbruschke@streethex.com,house,236,74,74,31217,steam
jbuemi@mathtouch.com,house,1481,75,71,55037,
jbutt@bioplex.com,condominium,209,69,72,80259,gas
jbuvens@toughzap.com,apartment,1181,69,74,74169,gas
jbuzick@funholding.com,house,1706,,74,38570,
jcaiafa@fasehatice.com,apartment,1216,,76,96385,
jcaldarera@ganjaflex.com,house,1225,73,,24971,
jcaldarera@inity.com,apartment,59,73,73,98025,"electric,gas"
jcampain@betasoloin.com,house,1119,70,75,26542,
jcandlish@zencorporation.com,house,805,72,72,20901,gas
jcantres@sumace.com,apartment,630,72,,2896,"electric,gas"
jcartan@golddex.com,apartment,707,77,76,72203,"electric,gas"
jcartan@opentech.com,house,3997,71,76,54835,
jcartan@toughzap.com,condominium,76,71,72,28450,"electric,fuel oil"
jcaudy@yearin.com,townhome,237,73,,71105,
jchavous@xx-zobam.com,house,1444,,74,61872,fuel oil
jchesterfield@konmatfix.com,apartment,1412,74,71,91327,electric
jchui@donquadtech.com,townhome,1449,,68,33339,electric
jchui@lexiqvolax.com,condominium,949,70,73,85097,"electric,gas"
jcolla@hatfan.com,apartment,844,73,,54935,"electric,steam"
jcolla@silis.com,apartment,860,71,74,12061,gas
jcomnick@zathunicon.com,house,1380,75,71,79174,"electric,gas"
jcoody@codehow.com,townhome,2891,76,,50471,"electric,fuel oil"
jcookey@ontomedia.com,apartment,429,71,74,15448,steam
jcorbley@konmatfix.com,mobile home,599,69,72,768,fuel oil
jcorrington@hottechi.com,apartment,878,72,72,78705,gas
jcraghead@singletechno.com,mobile home,518,75,73,20543,
jcronauer@blackzim.com,mobile home,395,75,70,66699,electric
jdegroot@labdrill.com,house,1126,72,72,43199,"electric,gas"
jdegroot@year-job.com,house,619,77,,49013,"electric,gas,steam"
jdeleo@konmatfix.com,townhome,725,75,75,50455,"electric,gas,fuel oil"
jdemesa@bioplex.com,apartment,578,,,20067,electric
jdenooyer@hottechi.com,apartment,1947,69,,65047,"electric,gas"
jdenooyer@treequote.com,house,1314,76,,92065,"gas,steam"
jdewar@warephase.com,townhome,908,70,72,21082,electric
jdopico@zotware.com,house,544,71,74,17107,fuel oil
jdopico@zumgoity.com,house,816,69,70,33785,"gas,fuel oil"
jdrymon@faxquote.com,townhome,666,68,,85359,gas
jduenas@y-corporation.com,house,644,69,73,97368,electric
jeanes@hottechi.com,house,1266,75,74,59013,electric
jemigh@dambase.com,apartment,907,69,71,64436,electric
jemigh@groovestreet.com,condominium,1103,,76,37822,electric
jengelberg@opentech.com,mobile home,193,76,,22485,
jennaco@labdrill.com,house,2446,77,72,24815,
jennaco@statholdings.com,condominium,524,71,71,55074,"electric,gas,fuel oil"
jeschberger@openlane.com,townhome,1839,76,,45701,"gas,fuel oil"
jfallick@gogozoom.com,townhome,684,,73,36545,"electric,gas,fuel oil"
jfarrar@bioplex.com,apartment,975,78,,42204,electric
jfarrow@condax.com,apartment,1445,,74,26508,fuel oil
jfelger@plexzap.com,apartment,690,,75,73196,
jfelger@yearin.com,apartment,1103,65,72,98020,electric
jfern@toughzap.com,apartment,1520,72,70,37210,"electric,fuel oil"
jfigeroa@betasoloin.com,apartment,789,,69,84134,
jfillingim@zathunicon.com,apartment,1302,69,,98991,"electric,gas"
jfishburne@xx-zobam.com,house,997,75,73,41858,electric
jflister@lexiqvolax.com,house,2115,75,,48858,electric
jfortino@sonron.com,house,1264,64,,27331,electric
jfrancescon@funholding.com,house,1329,76,73,16314,
jfrankel@ontomedia.com,mobile home,352,73,,47308,gas
jfrankel@silis.com,house,1247,73,68,53218,"electric,gas"
jfrankel@singletechno.com,condominium,741,75,,12602,electric
jfredicks@bioholding.com,house,1117,69,75,77504,"electric,gas,fuel oil"
jfredicks@hatfan.com,house,1755,75,72,92652,gas
jfredicks@konex.com,apartment,816,,76,36049,electric
jfredicks@nam-zim.com,house,1997,72,73,70639,
jfrey@ganjaflex.com,apartment,323,75,,58372,fuel oil
jfunnell@dambase.com,apartment,942,74,74,93517,"electric,gas"
jfunnell@konmatfix.com,mobile home,841,73,71,23184,"electric,gas"
jfunnell@zoomit.com,house,1410,65,70,99218,gas
jgabisi@kan-code.com,apartment,1186,69,,28478,gas
jgalam@kan-code.com,apartment,712,73,69,85025,"electric,gas,fuel oil"
jgalam@statholdings.com,house,1570,70,73,57340,gas
jgato@singletechno.com,house,1131,68,71,55340,electric
jgato@stanredtax.com,apartment,750,72,,81041,gas
jgehrett@finjob.com,house,1716,,71,90747,"electric,gas,steam"
jgibes@donquadtech.com,mobile home,601,75,73,29229,electric
jgiguere@stanredtax.com,townhome,649,75,74,97001,"electric,steam"
jgleich@scottech.com,house,824,70,72,22748,"electric,fuel oil"
jgleich@treequote.com,house,1428,,69,21227,"electric,gas"
jglick@golddex.com,townhome,1004,76,71,4493,
jglick@plussunin.com,house,1337,74,73,43445,"electric,gas"
jgoldammer@green-plus.com,condominium,1037,78,,12432,"electric,gas,steam"
jgoldammer@xx-zobam.com,townhome,685,70,71,3307,"electric,gas,fuel oil"
jgotter@labdrill.com,apartment,578,76,,61858,gas
jgwalthney@faxquote.com,condominium,1176,76,71,88595,
jhagele@hatfan.com,apartment,1345,74,,37719,
jhagele@opentech.com,apartment,740,72,,22971,fuel oil
jhalter@j-texon.com,condominium,731,72,74,72438,gas
jharabedian@gogozoom.com,apartment,346,76,72,63156,gas
jharnos@hatfan.com,apartment,500,73,74,93234,"electric,fuel oil"
jharoldson@j-texon.com,apartment,1566,69,72,84534,
jharoldson@statholdings.com,mobile home,251,75,74,94067,electric
jhauenstein@donware.com,house,69,,,42337,electric
jhaufler@y-corporation.com,mobile home,512,,71,86023,electric
jhellickson@y-corporation.com,house,633,72,74,67147,"electric,steam"
jhiatt@kan-code.com,apartment,843,76,71,28441,"steam,fuel oil"
jhiatt@rangreen.com,house,1318,73,,5958,"electric,fuel oil"
jhidvegi@labdrill.com,apartment,2314,70,68,83206,
jhidvegi@toughzap.com,condominium,407,75,72,38744,"electric,gas,fuel oil"
jhoa@fasehatice.com,apartment,438,,73,53574,"electric,fuel oil"
jhoa@kan-code.com,house,1256,,,87551,fuel oil
jhochard@condax.com,house,1279,70,74,3595,"electric,fuel oil"
jhoffis@rantouch.com,apartment,1236,72,69,13411,electric
jhoopengardner@golddex.com,townhome,1353,76,73,79720,electric
jhusser@plexzap.com,apartment,1814,66,71,5874,gas
jhusser@zumgoity.com,townhome,1507,75,72,72207,"electric,gas,fuel oil"
jisaacs@domzoom.com,house,1798,67,,26337,
jisaacs@plussunin.com,house,1275,70,,7624,electric
jjacobos@ganjaflex.com,house,1436,68,72,67019,"electric,fuel oil"
jjacobos@groovestreet.com,house,1049,70,70,12879,steam
jjacobos@treequote.com,house,721,75,76,64659,fuel oil
jjillson@ontomedia.com,house,5136,74,69,57069,gas
jjillson@zoomit.com,apartment,1040,71,75,21734,"electric,fuel oil"
jkalafatis@conecom.com,house,1872,71,,92676,
jkalafatis@rundofase.com,house,751,75,,58787,electric
jkalafatis@sunnamplex.com,townhome,1173,73,76,54888,gas
jkaniecki@ron-tech.com,house,2910,74,,75933,fuel oil
jkarpel@warephase.com,townhome,990,,75,1090,electric
jkarpin@scottech.com,mobile home,391,76,68,65759,electric
jkeetch@year-job.com,house,683,70,,11724,"electric,gas,fuel oil"
jkeneipp@funholding.com,mobile home,220,76,75,16512,electric
jketelsen@konmatfix.com,house,1292,71,,20891,fuel oil
jketelsen@zotware.com,townhome,896,,,65622,fuel oil
jkiel@isdom.com,apartment,1082,68,76,68067,"electric,steam"
jkiel@toughzap.com,apartment,77,71,75,18763,gas
jkippley@dalttechnology.com,house,708,,,63199,"electric,gas,steam"
jkitzman@newex.com,house,1147,70,,76527,"electric,gas"
jkitzman@plexzap.com,condominium,973,,71,72404,"electric,gas,fuel oil"
jklang@blackzim.com,house,1144,71,73,15351,"electric,gas"
jklusman@nam-zim.com,condominium,1527,70,72,21152,gas
jklusman@newex.com,house,1172,69,70,99770,
jklusman@rantouch.com,apartment,885,70,73,27954,electric
jkownacki@donquadtech.com,apartment,1393,76,,26705,gas
jkownacki@statholdings.com,house,913,75,,40296,electric
jkulzer@silis.com,townhome,578,71,74,33501,electric
jkusko@kan-code.com,house,1735,72,72,98501,gas
jlabreche@kinnamplus.com,apartment,983,65,73,10313,electric
jlabreche@xx-zobam.com,apartment,730,77,71,96085,
jlary@fasehatice.com,townhome,590,,75,27498,electric
jlatzke@zotware.com,condominium,790,70,74,76666,electric
jlawler@zoomit.com,apartment,1295,77,71,11692,gas
jlayous@donquadtech.com,house,639,,,36439,"electric,gas"
jlayous@zencorporation.com,apartment,885,70,,42364,electric
jlietz@hatfan.com,condominium,699,74,73,77210,"electric,gas"
jlietz@plexzap.com,house,1615,69,74,66776,"electric,gas,steam"
jlindall@ron-tech.com,condominium,2330,74,70,74012,"electric,gas,fuel oil"
jlipkin@doncon.com,mobile home,406,65,74,21670,electric
jlipkin@opentech.com,house,953,75,,23487,
jlizama@conecom.com,house,2373,73,72,68823,"electric,gas,steam"
jlouissant@finjob.com,apartment,481,74,72,29910,electric
jlukasik@blackzim.com,house,1195,73,75,21235,
jlungren@faxquote.com,apartment,926,70,72,94128,
jlungren@isdom.com,apartment,479,71,,54447,gas
jlungren@opentech.com,apartment,354,72,,61482,"electric,gas"
jmaclead@blackzim.com,mobile home,143,,,91403,electric
jmaclead@labdrill.com,apartment,500,,,83121,"electric,gas"
jmai@finhigh.com,house,3582,76,72,30054,electric
jmai@opentech.com,apartment,1393,72,74,33458,gas
jmaillard@ganjaflex.com,apartment,2557,73,71,73722,
jmaillard@zumgoity.com,townhome,1306,77,69,48170,"gas,fuel oil"
jmalet@kinnamplus.com,house,76,73,73,2476,electric
jmallett@openlane.com,house,1286,68,75,24553,"electric,gas,fuel oil"
jmalvin@faxquote.com,house,2154,71,71,20550,"electric,gas"
jmanno@condax.com,house,246,69,,44865,
jmarrier@kinnamplus.com,apartment,772,71,,17855,electric
jmastella@warephase.com,apartment,1313,67,71,30619,gas
jmauson@lexiqvolax.com,condominium,631,,,47561,
jmaynerich@konex.com,house,1558,,69,29039,"electric,gas,steam"
jmaynerich@zoomit.com,house,971,73,72,2779,
jmccullan@y-corporation.com,townhome,67,73,72,93402,"gas,fuel oil"
jmclaird@konex.com,apartment,467,69,,67732,steam
jmclaird@konmatfix.com,townhome,722,77,71,31094,electric
jmclaird@xx-holding.com,apartment,508,71,,43566,
jmconnell@silis.com,apartment,97,65,71,68664,electric
jmcrae@newex.com,apartment,1162,67,72,85254,
jmeisel@hatfan.com,townhome,754,74,73,16675,
jmeisel@konex.com,house,66,67,75,15132,"gas,steam"
jmeisel@labdrill.com,apartment,974,75,74,99645,"gas,fuel oil"
jmenter@streethex.com,apartment,791,76,72,96813,electric
jmerced@mathtouch.com,house,2034,64,,33447,"electric,gas,fuel oil"
jmiceli@sunnamplex.com,house,292,70,68,41477,
jmirafuentes@donquadtech.com,house,610,,,53529,gas
jmiro@donware.com,house,1044,,71,63534,electric
jmiro@groovestreet.com,house,665,75,,90075,electric
jmonarrez@doncon.com,condominium,1184,70,72,23336,"electric,gas,fuel oil"
jmondella@betatech.com,house,1329,72,,87418,
jmondella@domzoom.com,apartment,2481,66,74,45069,"electric,gas"
jmondella@scotfind.com,condominium,2250,69,72,32068,electric
jmonterrubio@isdom.com,townhome,2212,70,73,62948,
jmorocco@finjob.com,apartment,117,,71,12830,
jmotley@scottech.com,mobile home,475,76,73,54756,gas
jmotley@warephase.com,townhome,2299,66,76,47034,"electric,gas,fuel oil"
jmugnolo@finhigh.com,house,981,73,70,46017,electric
jmunns@openlane.com,mobile home,490,75,,96806,
jmunns@treequote.com,apartment,1063,74,73,44907,electric
jmyricks@donware.com,condominium,1203,,72,79527,"gas,steam"
jmyricks@plussunin.com,house,2196,73,72,21284,electric
jneither@scotfind.com,house,2438,75,76,3234,
jnewville@j-texon.com,townhome,960,72,71,29070,"electric,steam"
jnewville@sunnamplex.com,house,89,,74,90306,"electric,steam"
jnievas@mathtouch.com,condominium,527,74,72,32961,"electric,fuel oil"
jogg@goodsilron.com,house,1232,71,,85742,
jogg@ron-tech.com,house,3117,71,68,29205,"electric,gas,fuel oil"
johms@ganjaflex.com,apartment,593,69,,49281,
johms@gogozoom.com,apartment,88,65,73,62996,"electric,steam,fuel oil"
joles@groovestreet.com,condominium,1212,,,11204,"electric,gas,steam,fuel oil"
joles@scottech.com,mobile home,75,69,,45248,gas
jostolaza@sonron.com,apartment,1064,70,,36793,electric
jpaskin@goodsilron.com,house,92,,76,75089,"electric,gas"
jpatak@treequote.com,apartment,1794,73,76,65762,"gas,steam"
jperigo@hatfan.com,apartment,1411,,74,51450,electric
jpinilla@golddex.com,house,1151,73,,71136,gas
jpoquette@betatech.com,house,2078,69,69,47938,electric
jpoquette@gogozoom.com,house,802,68,,62092,
jpoquette@ron-tech.com,apartment,575,75,73,19319,
jradde@blackzim.com,apartment,367,75,74,25011,electric
jrantanen@ron-tech.com,house,3977,73,75,2801,
jrantanen@year-job.com,house,1397,76,,64503,"electric,gas"
jrauser@inity.com,mobile home,327,64,72,54216,"electric,fuel oil"
jregusters@openlane.com,townhome,1139,72,74,99125,"electric,gas"
jreiber@ron-tech.com,house,2479,,70,43543,electric
jrhoden@konmatfix.com,condominium,733,65,75,77306,electric
jrhym@bioplex.com,condominium,1044,70,75,62694,gas
jrhymes@silis.com,townhome,591,73,,74104,gas
jrim@bioholding.com,mobile home,245,70,,63387,
jrim@doncon.com,condominium,1056,76,,58759,"steam,fuel oil"
jrim@konex.com,house,2100,73,69,37302,"electric,fuel oil"
jrim@plexzap.com,apartment,1336,70,72,20506,"electric,gas,steam"
jriopelle@openlane.com,apartment,436,72,,42021,"electric,gas"
jrodefer@green-plus.com,condominium,1830,69,73,52344,"electric,gas,steam"
jrodefer@j-texon.com,house,770,78,72,75478,gas
jrodeigues@treequote.com,apartment,891,72,71,11550,electric
jrowling@donware.com,house,1378,76,73,4441,electric
jrowling@xx-zobam.com,apartment,418,69,,48198,gas
jrulapaugh@cancity.com,house,1462,75,72,7204,"electric,gas"
jsahagun@konex.com,condominium,165,,69,908,
jsahagun@statholdings.com,mobile home,308,72,68,74935,electric
jsarao@zencorporation.com,house,2066,72,,1605,
jsaras@donquadtech.com,townhome,926,72,,13342,
jsaras@singletechno.com,house,1449,70,76,18949,
jsarbacher@zotware.com,mobile home,226,70,71,15613,gas
jsaylors@ontomedia.com,house,988,74,74,35046,"electric,gas"
jschmierer@golddex.com,house,1725,76,,30725,
jschmierer@j-texon.com,house,596,72,74,20158,steam
jschmierer@zumgoity.com,apartment,897,69,73,67155,gas
jscipione@year-job.com,house,1008,71,75,23922,electric
jscriven@doncon.com,apartment,3026,69,,33174,electric
jscriven@gogozoom.com,condominium,1553,65,,35620,electric
jscriven@j-texon.com,apartment,677,,70,67585,gas
jscriven@warephase.com,house,1493,,75,73575,
jseewald@codehow.com,apartment,51,71,74,1770,electric
jseewald@kinnamplus.com,apartment,1095,72,72,52595,electric
jsetter@labdrill.com,house,1546,75,75,7061,gas
jshields@betasoloin.com,apartment,1254,75,,213,
jshin@finjob.com,townhome,1526,73,,48830,gas
jshinko@ontomedia.com,condominium,2181,,76,48218,electric
jsimilton@j-texon.com,house,2104,76,,92384,electric
jsimilton@plusstrip.com,apartment,803,75,75,3875,"electric,gas,steam"
jskursky@konmatfix.com,townhome,954,75,,98465,
jslusarski@warephase.com,house,1504,68,,14843,"electric,gas,fuel oil"
jslusarski@xx-zobam.com,mobile home,611,,,92074,"electric,gas"
jsmith@kan-code.com,townhome,661,75,74,5850,gas
jsmith@zathunicon.com,house,2607,,70,80204,electric
jspickerman@donquadtech.com,condominium,1525,74,74,55550,"electric,gas"
jstaback@cancity.com,townhome,775,78,,47331,electric
jstaback@lexiqvolax.com,apartment,1260,74,76,35975,electric
jsteier@streethex.com,townhome,531,70,73,47880,gas
jstockham@gogozoom.com,apartment,660,,,54180,"electric,gas,fuel oil"
jstoltzman@plexzap.com,house,756,70,72,81067,fuel oil
jstrassner@faxquote.com,townhome,1946,73,68,15544,gas
jstuer@xx-zobam.com,condominium,217,77,73,12401,fuel oil
jsturiale@betasoloin.com,apartment,555,69,,20391,"electric,gas,fuel oil"
jsuell@mathtouch.com,house,213,69,75,72333,electric
jsuell@zencorporation.com,house,1376,73,71,58344,electric
jswayze@lexiqvolax.com,house,1556,,,96707,fuel oil
jswayze@zoomit.com,house,1202,69,72,56399,"electric,gas"
jsweely@betasoloin.com,house,1297,72,72,70352,
jsweely@labdrill.com,house,1504,70,73,97477,"electric,gas"
jsweely@statholdings.com,apartment,531,72,72,84404,"electric,gas,fuel oil"
jsweigard@green-plus.com,house,1115,72,,26415,gas
jsweigard@isdom.com,apartment,980,71,,15920,
jsyrop@hatfan.com,apartment,1184,76,,62884,"electric,gas,fuel oil"
jtegarden@isdom.com,apartment,1001,75,69,13409,electric
jtheodorov@kan-code.com,condominium,1055,73,71,6380,gas
jtillotson@ontomedia.com,townhome,829,72,76,73439,
jtimenez@hatfan.com,apartment,845,,,7456,"electric,gas,fuel oil"
jtomasulo@scottech.com,house,3299,70,72,25711,electric
jtomblin@scotfind.com,apartment,909,,72,52225,fuel oil
jtreston@dalttechnology.com,apartment,1024,73,73,60933,"electric,gas"
jtromblay@mathtouch.com,condominium,1225,73,73,12260,electric
jupthegrove@plussunin.com,townhome,895,72,73,50231,
jupthegrove@singletechno.com,house,538,,73,7820,gas
juyetake@xx-holding.com,house,1344,,,33084,
juyetake@zathunicon.com,house,814,68,73,79739,"electric,gas"
jvanausdal@donware.com,townhome,56,72,74,24375,"gas,steam,fuel oil"
jvenere@warephase.com,house,1659,72,74,18348,
jvinning@doncon.com,apartment,442,76,,73052,fuel oil
jvinning@isdom.com,house,1740,71,,75264,
jvinning@kinnamplus.com,house,1124,,71,20408,electric
jvizarro@ganjaflex.com,apartment,673,72,72,34229,"electric,gas"
jwalthall@ontomedia.com,apartment,1083,74,72,66620,electric
jwalthall@zotware.com,mobile home,181,77,,86431,electric
jwardrip@j-texon.com,mobile home,218,70,,16120,"electric,gas"
jwaymire@kinnamplus.com,apartment,442,74,74,98322,electric
jweglarz@openlane.com,townhome,666,71,69,50465,
jwenzinger@inity.com,apartment,750,72,,62026,"electric,fuel oil"
jwiklund@plussunin.com,house,757,75,75,60137,electric
jwildfong@zotware.com,house,3202,73,69,95669,gas
jwitten@plexzap.com,townhome,117,76,,56230,"gas,fuel oil"
jwrinkles@zoomit.com,mobile home,431,69,72,61639,electric
jyaw@lexiqvolax.com,house,2046,72,70,25106,fuel oil
jyglesias@zumgoity.com,house,3145,69,73,71426,electric
jyori@fasehatice.com,townhome,1110,76,73,85099,"electric,gas,fuel oil"
jzepp@condax.com,house,669,75,,16665,electric
kabdallah@condax.com,mobile home,546,73,72,54870,
kacuff@finhigh.com,house,815,,,1054,
kagramonte@labdrill.com,mobile home,238,76,,20612,"electric,gas,fuel oil"
kagramonte@rangreen.com,house,595,73,72,93624,electric
kalbares@openlane.com,house,1553,65,76,80530,
kamyot@labdrill.com,apartment,2192,72,72,33736,gas
kangalich@blackzim.com,apartment,424,73,74,92616,"electric,gas"
kankeny@statholdings.com,house,1526,73,76,7184,gas
kauber@finjob.com,house,1809,75,70,56561,gas
kbachman@scottech.com,townhome,966,76,70,62763,gas
kbatman@opentech.com,mobile home,261,69,73,59313,electric
kbenimadho@hatfan.com,house,650,72,,33167,electric
kbenimadho@konex.com,house,973,75,73,85553,electric
kbergesen@dalttechnology.com,house,1710,74,69,21627,"electric,gas"
kbergesen@xx-holding.com,apartment,1118,70,74,54858,electric
kberlanga@finjob.com,house,3706,76,74,78468,"gas,fuel oil"
kberlanga@ron-tech.com,house,751,71,,14172,steam
kberray@year-job.com,apartment,470,66,,11243,
kbevelacqua@blackzim.com,apartment,1332,76,71,5085,electric
kbevelacqua@xx-zobam.com,apartment,1081,72,73,81084,"electric,gas,steam,fuel oil"
kbiddy@betatech.com,condominium,467,69,73,85065,electric
kbirkner@statholdings.com,house,1159,69,,3221,"electric,steam"
kblackwood@condax.com,apartment,56,,73,60055,gas
kbookamer@golddex.com,apartment,958,76,,45830,"electric,fuel oil"
kbourbon@domzoom.com,mobile home,282,71,74,20099,electric
kbrachle@doncon.com,condominium,1183,,73,16863,electric
kbreland@fasehatice.com,condominium,214,77,71,80314,"electric,gas"
kbreland@iselectrics.com,apartment,820,,69,11426,electric
kbreland@kinnamplus.com,house,1509,71,,17976,"electric,gas"
kbrossart@dontechi.com,condominium,849,72,76,64766,"electric,gas"
kbubash@hatfan.com,condominium,502,76,75,41040,gas
kburnard@plexzap.com,house,759,75,,53924,electric
kbutzen@newex.com,house,2576,68,72,56310,electric
kcaiafa@betasoloin.com,house,1445,70,,4454,
kcaiafa@blackzim.com,house,1096,73,75,67073,
kcampain@cancity.com,house,942,74,,43606,"electric,gas"
kcampain@xx-zobam.com,apartment,1542,76,,43311,"electric,gas"
kcartan@inity.com,apartment,1300,77,,24157,"gas,steam"
kcartan@rantouch.com,apartment,986,67,72,58046,"electric,gas"
kcaudy@kinnamplus.com,townhome,1712,70,74,28503,gas
kcaudy@rangreen.com,house,60,66,,14221,"electric,gas"
kcaudy@singletechno.com,apartment,522,73,73,41812,"electric,gas,fuel oil"
kcentini@dontechi.com,mobile home,495,68,73,18218,
kcetta@plexzap.com,townhome,2500,72,,33097,gas
kcomnick@bioholding.com,townhome,1038,75,,51441,electric
kcorrington@sunnamplex.com,apartment,824,70,73,37687,gas
kcorrio@konmatfix.com,house,1486,75,,13648,
kcousey@zotware.com,townhome,1661,69,71,16827,"electric,gas"
kcraghead@singletechno.com,house,1491,74,73,74962,"electric,gas"
kcrupi@funholding.com,apartment,1125,70,75,59317,
kcrupi@yearin.com,condominium,818,72,75,79159,steam
kdallen@newex.com,apartment,949,73,74,43535,electric
kdaufeldt@groovestreet.com,apartment,938,76,73,82648,steam
kdegonia@donware.com,house,764,,69,6065,gas
kdegroot@bioholding.com,apartment,717,71,72,66938,steam
kdelasancha@codehow.com,house,1436,72,,15075,gas
kdelasancha@sunnamplex.com,mobile home,427,71,74,768,electric
kdemesa@lexiqvolax.com,condominium,705,68,73,11405,"electric,gas"
kdemesa@openlane.com,apartment,1214,73,72,71667,gas
kdevreese@goodsilron.com,house,747,70,70,30756,"electric,steam"
kdhamer@warephase.com,townhome,1318,72,,42539,gas
kdopico@codehow.com,apartment,845,66,68,5850,"electric,gas"
kduenas@conecom.com,house,1982,68,72,90079,"electric,fuel oil"
kehmann@dontechi.com,apartment,101,74,,75378,gas
kengelberg@singletechno.com,house,1031,75,71,76198,
kestell@iselectrics.com,apartment,70,70,72,58313,"electric,gas,fuel oil"
kferencz@fasehatice.com,condominium,1252,75,69,65440,"electric,gas,fuel oil"
kferencz@zoomit.com,house,753,76,69,10927,electric
kferrario@bioholding.com,apartment,789,71,,47420,
kfigeroa@finhigh.com,townhome,212,76,,80165,"electric,gas"
kfrey@zathunicon.com,apartment,826,,71,64456,"gas,fuel oil"
kgalam@blackzim.com,apartment,592,75,69,40618,fuel oil
kgato@xx-zobam.com,apartment,513,72,69,20144,electric
kgehrett@codehow.com,house,97,74,,1077,"electric,gas"
kgibes@bioplex.com,condominium,1164,68,71,96080,"electric,fuel oil"
kgiguere@donquadtech.com,condominium,2253,76,,603,"electric,fuel oil"
kglick@treequote.com,townhome,1419,66,73,72531,gas
kgobern@treequote.com,house,2510,,75,94555,fuel oil
kgochal@green-plus.com,mobile home,159,67,71,48208,electric
kgudroe@dalttechnology.com,condominium,723,72,,11786,"electric,gas,fuel oil"
khalsey@kinnamplus.com,house,1382,74,70,46566,gas
khamilton@labdrill.com,apartment,393,77,,73459,"electric,gas"
khamilton@openlane.com,house,2044,73,,13606,"steam,fuel oil"
khanafan@bioplex.com,apartment,942,68,72,18955,
kheimann@sumace.com,house,92,73,,24889,gas
khengel@treequote.com,house,1866,76,72,54889,electric
kherritt@sumace.com,house,1112,75,73,79322,"electric,gas,fuel oil"
khochard@lexiqvolax.com,house,662,,72,94929,steam
khochard@year-job.com,townhome,3019,73,75,79084,electric
khollack@bioplex.com,apartment,1082,72,72,16422,gas
khollack@plussunin.com,house,1165,73,,23509,electric
khudnall@zoomit.com,house,2189,67,,16414,"gas,fuel oil"
kjacobos@toughzap.com,apartment,1277,,72,39579,
kjulia@stanredtax.com,house,1537,,68,64469,"electric,steam,fuel oil"
kkaniecki@toughzap.com,condominium,1143,,71,56364,gas
kkannady@zencorporation.com,house,1764,76,,73058,
kkardas@sonron.com,condominium,1311,70,,48419,"electric,fuel oil"
kkardas@xx-zobam.com,apartment,1041,75,,85927,"electric,gas"
kkeetch@gogozoom.com,apartment,870,72,73,25247,fuel oil
kketelsen@sumace.com,apartment,1020,74,72,64187,"electric,gas,fuel oil"
kkippley@konmatfix.com,mobile home,304,73,73,94941,gas
kkitzman@donquadtech.com,apartment,923,72,72,12953,"gas,fuel oil"
kklimek@stanredtax.com,house,1410,75,68,27836,electric
kklimek@sumace.com,condominium,957,76,71,77351,electric
kklonowski@lexiqvolax.com,condominium,470,78,73,45066,electric
kkulzer@dontechi.com,townhome,861,70,69,77504,"electric,gas"
kkulzer@j-texon.com,apartment,1037,75,75,99138,gas
klabreche@betasoloin.com,townhome,2252,72,76,88321,"gas,fuel oil"
klacovara@sumace.com,apartment,731,76,75,67260,electric
klawler@zotware.com,apartment,1265,68,74,32572,steam
kleto@iselectrics.com,house,1923,72,,79741,gas
klietz@plusstrip.com,house,2319,,72,90046,"electric,gas,steam"
klimmel@green-plus.com,apartment,856,73,,44274,gas
klimmel@ontomedia.com,condominium,626,70,,91715,
kliukko@xx-holding.com,apartment,444,72,75,30335,electric
kloader@betasoloin.com,condominium,1665,73,72,19050,electric
klother@rundofase.com,apartment,1333,78,74,86438,"electric,steam"
klother@statholdings.com,apartment,1156,72,72,45309,electric
klungren@betatech.com,condominium,475,75,,73110,"electric,gas"
klungren@rundofase.com,house,1169,74,73,66959,electric
kmarrier@konmatfix.com,house,2433,73,,46365,gas
kmastella@statholdings.com,apartment,70,,73,41619,gas
kmclaird@sonron.com,townhome,1540,70,74,67342,electric
kmenter@opentech.com,mobile home,39,69,75,47584,electric
kmenter@statholdings.com,house,5124,72,72,93291,"electric,steam"
kmerced@iselectrics.com,apartment,1763,73,70,78750,
kmiro@bioholding.com,townhome,1078,71,,54017,gas
kmiro@goodsilron.com,apartment,291,75,,70503,gas
kmiro@rangreen.com,condominium,1768,72,69,65301,electric
kmodzelewski@rangreen.com,townhome,1571,,76,88136,gas
kmonarrez@finhigh.com,house,603,70,72,22641,"electric,gas"
kmondella@mathtouch.com,condominium,1202,69,75,60646,electric
kmonterrubio@golddex.com,apartment,2443,71,73,13455,"electric,gas,fuel oil"
kmonterrubio@j-texon.com,mobile home,361,75,75,28601,gas
kmorasca@statholdings.com,apartment,1247,70,,11767,"electric,gas,fuel oil"
kmotley@rangreen.com,house,1259,,71,62896,gas
knabours@finjob.com,condominium,644,70,73,45330,"electric,gas,fuel oil"
knabours@warephase.com,condominium,1950,69,,30733,gas
knachor@goodsilron.com,condominium,778,72,71,19357,
knayar@stanredtax.com,apartment,738,74,73,49735,"electric,gas,steam"
knestle@nam-zim.com,mobile home,395,75,74,38603,electric
kogg@rundofase.com,townhome,195,75,75,94067,electric
kohms@hatfan.com,house,147,69,,88043,gas
kostrosky@ganjaflex.com,mobile home,212,72,,30348,
kpaa@hottechi.com,house,590,,71,62027,"electric,gas,fuel oil"
kparvis@gogozoom.com,house,2550,66,72,28056,electric
kpaskin@labdrill.com,house,1162,69,73,18202,
kpatak@toughzap.com,townhome,2065,70,73,68329,
kpaulas@xx-holding.com,townhome,1240,74,69,35978,"electric,steam"
kperez@silis.com,condominium,1116,70,,94042,
kperin@kan-code.com,condominium,815,75,73,92595,
kpoquette@ron-tech.com,townhome,1705,,69,25926,gas
kpoullion@dontechi.com,house,700,78,,30305,electric
kradde@finhigh.com,condominium,1003,77,69,14484,"electric,gas,steam"
kragel@fasehatice.com,townhome,1959,73,,97868,electric
krantanen@gogozoom.com,apartment,1146,73,72,24836,"electric,gas"
krauser@bioplex.com,house,1331,73,74,73301,"electric,gas"
krauser@cancity.com,mobile home,284,73,73,12928,fuel oil
kraymo@ontomedia.com,house,809,74,73,28216,
kregusters@blackzim.com,townhome,1582,75,72,33134,electric
kregusters@domzoom.com,house,1866,74,,41098,electric
krestrepo@faxquote.com,mobile home,621,69,73,5666,"gas,fuel oil"
krestrepo@treequote.com,apartment,813,,75,8870,"electric,gas"
krhym@mathtouch.com,condominium,1231,,74,48811,
krhym@plussunin.com,house,1305,72,74,44085,"electric,gas"
krhymes@dontechi.com,apartment,769,64,,28677,electric
kriden@dalttechnology.com,house,696,72,,54641,fuel oil
krim@goodsilron.com,apartment,415,78,73,62938,"electric,fuel oil"
kriopelle@hottechi.com,house,991,70,,91915,
krodeigues@xx-holding.com,condominium,1061,72,75,5156,"gas,steam"
krodenberger@faxquote.com,house,1432,72,69,48915,electric
krowling@finhigh.com,house,766,74,73,94039,electric
krowling@plussunin.com,apartment,1139,,,48806,gas
ksamu@goodsilron.com,apartment,935,,73,5148,"electric,gas"
ksarao@iselectrics.com,townhome,263,73,,72740,gas
ksaras@condax.com,house,622,,,51442,"electric,gas"
ksawchuk@donquadtech.com,mobile home,70,73,,15325,electric
ksawchuk@singletechno.com,townhome,1592,75,,73031,"gas,steam,fuel oil"
ksaylors@hottechi.com,apartment,361,64,75,68602,"gas,fuel oil"
kscheyer@groovestreet.com,house,2072,78,74,65638,gas
kschmierer@gogozoom.com,apartment,77,76,74,91508,
kscipione@bioplex.com,house,900,72,,67521,steam
kscriven@donware.com,house,904,74,71,28146,fuel oil
ksemidey@inity.com,mobile home,972,73,72,64741,
kshadrick@dontechi.com,apartment,544,67,69,27407,electric
kshadrick@green-plus.com,house,1470,72,73,5260,
kshin@codehow.com,townhome,1236,,70,21216,electric
kshinko@zoomit.com,house,1294,75,75,54220,electric
kshinko@zumgoity.com,apartment,914,76,70,52172,electric
kskursky@openlane.com,apartment,1281,72,,56433,"electric,gas"
kspringe@nam-zim.com,apartment,1800,,,39456,gas
kspringe@year-job.com,apartment,533,73,,45696,
ksteffensmeier@stanredtax.com,house,679,74,71,30502,fuel oil
ksteier@labdrill.com,townhome,1134,72,75,64401,"electric,gas"
kstem@funholding.com,apartment,769,,72,80960,"gas,fuel oil"
kstem@plussunin.com,house,1503,78,76,52497,electric
kstockham@domzoom.com,apartment,1302,70,72,49610,electric
kstorment@domzoom.com,condominium,105,74,,56748,"electric,gas"
kstorment@zumgoity.com,apartment,671,71,,78222,electric
kswayze@rundofase.com,condominium,1021,72,75,13632,gas
ksweigard@silis.com,house,1309,66,71,91184,electric
ktagala@xx-zobam.com,condominium,1407,72,,67741,"electric,gas,fuel oil"
ktillotson@silis.com,condominium,988,74,68,41526,electric
ktimenez@condax.com,apartment,801,65,71,56701,electric
ktjepkema@labdrill.com,apartment,2293,72,69,16103,"electric,gas"
kvanheusen@j-texon.com,mobile home,462,77,71,92831,
kvanheusen@labdrill.com,townhome,702,75,75,19009,gas
kvarriano@stanredtax.com,apartment,46,69,,61417,"electric,gas,fuel oil"
kvenere@doncon.com,apartment,472,75,72,97484,"electric,gas,steam,fuel oil"
kvillanueva@nam-zim.com,house,188,72,,70538,fuel oil
kvizarro@fasehatice.com,apartment,835,,74,37688,"electric,fuel oil"
kvonasek@condax.com,apartment,430,64,,21651,electric
kwalthall@goodsilron.com,apartment,967,69,74,10459,fuel oil
kwaycott@toughzap.com,condominium,576,76,73,72370,
kwieser@konex.com,mobile home,587,66,73,24605,"electric,gas"
kwiklund@faxquote.com,townhome,1270,72,74,77512,
kwrinkles@rangreen.com,house,684,74,,1342,electric
kyori@groovestreet.com,apartment,1588,74,73,32244,
kzagen@rundofase.com,apartment,1376,72,72,62830,electric
kzepp@singletechno.com,house,139,,73,69026,electric
kzurcher@kan-code.com,house,2078,77,72,55043,
kzurcher@rantouch.com,house,649,67,74,96161,"electric,gas"
labdallah@scotfind.com,house,99,72,,46974,electric
lagramonte@condax.com,townhome,177,71,,47965,electric
lahle@faxquote.com,house,408,73,73,29325,electric
lamyot@sumace.com,apartment,1320,73,72,50271,"electric,gas"
langalich@goodsilron.com,townhome,674,75,75,33568,electric
lankeny@lexiqvolax.com,house,1182,74,,3873,gas
lankeny@scottech.com,condominium,1192,,71,77453,"electric,gas"
larceo@bioplex.com,house,1190,76,74,64486,"electric,steam,fuel oil"
laredondo@j-texon.com,townhome,120,74,,33434,electric
larias@gogozoom.com,condominium,1448,,72,16743,gas
larias@plexzap.com,apartment,1358,76,76,56729,"electric,steam"
larias@sumace.com,house,1654,76,73,61876,"electric,fuel oil"
lasar@plusstrip.com,townhome,85,77,74,54416,electric
lasar@sumace.com,house,3159,75,73,12452,fuel oil
lauffrey@zoomit.com,house,1245,69,68,1748,electric
lbaltimore@kan-code.com,house,1511,71,72,10586,electric
lbarfield@doncon.com,townhome,1073,66,72,73539,gas
lbarfield@nam-zim.com,apartment,1430,74,,19999,electric
lbartolet@rangreen.com,townhome,845,72,73,27614,
lbatman@year-job.com,condominium,563,75,,15027,"electric,gas"
lbeech@golddex.com,apartment,580,76,,63101,
lbenimadho@rundofase.com,house,708,76,71,25812,electric
lbennick@konmatfix.com,apartment,1139,67,72,97914,electric
lberganza@sumace.com,townhome,1096,,69,32562,fuel oil
lberganza@zoomit.com,house,176,78,,32901,"electric,gas"
lbergesen@bioplex.com,mobile home,124,73,,18091,"electric,gas"
lbergesen@newex.com,house,256,65,74,24230,"electric,gas,fuel oil"
lberray@openlane.com,apartment,726,71,69,64141,
lbilden@groovestreet.com,condominium,224,69,71,20503,electric
lbilden@sonron.com,house,744,,72,79537,gas
lblackwood@kinnamplus.com,townhome,1379,70,75,48104,electric
lbolognia@donware.com,townhome,1807,67,,41472,"electric,gas,steam"
lbolognia@zoomit.com,mobile home,149,76,,54937,electric
lbookamer@statholdings.com,mobile home,445,77,74,93714,electric
lbookamer@zencorporation.com,house,775,73,,70791,electric
lboord@hottechi.com,townhome,1005,76,73,60619,gas
lboord@yearin.com,condominium,469,72,71,33052,
lboulter@fasehatice.com,townhome,1508,65,75,4462,electric
lboulter@labdrill.com,condominium,675,77,71,42370,"electric,fuel oil"
lbreland@statholdings.com,condominium,778,76,75,2669,"electric,steam"
lbriddick@singletechno.com,condominium,1942,,74,94502,electric
lbrossart@isdom.com,apartment,1560,71,70,40405,"electric,gas"
lbrucato@dambase.com,house,2923,,71,69167,gas
lbruschke@dontechi.com,townhome,1102,73,72,85268,electric
lbubash@openlane.com,condominium,664,74,73,48762,"steam,fuel oil"
lbubash@scotfind.com,mobile home,192,65,,62348,fuel oil
lbubash@stanredtax.com,apartment,541,71,,60466,fuel oil
lbuemi@hatfan.com,house,735,66,74,46112,
lburnard@kan-code.com,house,1795,70,,17841,
lbuvens@blackzim.com,mobile home,28,71,,11958,electric
lbuvens@statholdings.com,apartment,487,,,83025,gas
lbuzick@newex.com,apartment,49,70,68,23917,electric
lbuzick@zencorporation.com,apartment,975,71,70,37369,
lcaiafa@groovestreet.com,townhome,5659,,73,61263,"steam,fuel oil"
lcaiafa@plussunin.com,house,1292,76,73,23017,gas
lcallaro@codehow.com,house,826,71,71,11788,gas
lcallaro@faxquote.com,townhome,1218,73,75,89599,
lcampain@fasehatice.com,mobile home,198,71,,62946,gas
lcanlas@donquadtech.com,apartment,429,71,75,50604,electric
lcantres@y-corporation.com,apartment,416,74,75,47288,gas
lcartan@inity.com,apartment,854,,,85363,"electric,fuel oil"
lcartan@konmatfix.com,apartment,1402,,,95121,electric
lcastros@betatech.com,apartment,498,78,,74944,fuel oil
lcetta@bioholding.com,house,2507,75,75,73834,"electric,gas,fuel oil"
lcetta@codehow.com,townhome,126,72,72,97375,fuel oil
lcetta@kan-code.com,apartment,882,73,74,48811,"electric,fuel oil"
lchaffins@plussunin.com,condominium,1026,76,,78840,
lchaffins@treequote.com,townhome,759,,,68303,
lclaucherty@toughzap.com,house,692,70,,13111,
lcolaizzo@bioplex.com,apartment,1362,72,73,90510,"electric,steam,fuel oil"
lcolaizzo@zumgoity.com,apartment,678,,71,59242,"electric,gas"
lcolla@plussunin.com,townhome,1050,73,70,71844,electric
lcoody@doncon.com,house,990,74,,40081,steam
lcoody@warephase.com,apartment,790,72,,14539,gas
lcorbley@faxquote.com,apartment,79,67,72,13656,"electric,gas"
lcork@treequote.com,townhome,616,70,75,83220,electric
lcorrio@gogozoom.com,apartment,448,69,72,6053,fuel oil
lcorrio@lexiqvolax.com,townhome,520,65,74,73567,fuel oil
lcorrio@rundofase.com,house,63,72,76,74740,"gas,fuel oil"
lcousey@dambase.com,mobile home,1183,69,69,3444,electric
lcoyier@condax.com,apartment,1889,72,70,67106,
lcoyier@openlane.com,apartment,805,75,,92619,steam
lcronauer@xx-holding.com,house,138,73,,37230,"electric,fuel oil"
lcrupi@funholding.com,house,848,71,71,1510,gas
lcrupi@green-plus.com,apartment,75,69,73,27292,"electric,gas"
lcryer@bioholding.com,house,717,75,,11714,steam
lcryer@kan-code.com,house,1129,69,75,64674,gas
lcryer@konmatfix.com,house,842,71,,64803,gas
ldallen@hottechi.com,apartment,1267,70,73,24333,"electric,gas"
ldarakjy@plexzap.com,apartment,1210,74,71,15317,"electric,steam"
ldarakjy@stanredtax.com,apartment,994,73,73,85628,
ldaufeldt@ron-tech.com,condominium,111,76,73,78575,gas
ldegonia@inity.com,house,1651,64,74,23845,gas
ldegonia@kinnamplus.com,apartment,1024,70,71,48911,steam
ldegonia@plusstrip.com,townhome,657,,76,4097,gas
ldeleo@codehow.com,townhome,1163,67,,70527,gas
ldevreese@doncon.com,apartment,2340,75,70,28331,gas
ldewar@y-corporation.com,townhome,3285,72,,56138,electric
ldiestel@year-job.com,house,706,71,,1472,fuel oil
ldilello@scotfind.com,townhome,1079,68,71,23665,
ldinos@plusstrip.com,townhome,675,70,72,45781,"electric,gas,fuel oil"
ldopico@warephase.com,house,1876,,74,83438,"electric,gas"
ldubaldi@stanredtax.com,house,788,,,32781,electric
leanes@openlane.com,house,1594,74,73,67460,electric
leanes@zathunicon.com,townhome,2234,74,74,54749,"electric,gas"
lemard@dalttechnology.com,mobile home,204,73,69,57271,"electric,gas,fuel oil"
lemard@singletechno.com,apartment,702,69,,72326,electric
lemard@stanredtax.com,house,2505,73,74,19903,gas
lemigh@betasoloin.com,house,1440,68,73,59760,steam
lemigh@plexzap.com,apartment,341,71,75,11414,"electric,fuel oil"
lengelberg@plusstrip.com,house,908,,74,56395,
lennaco@bioplex.com,apartment,681,72,,24224,gas
lennaco@streethex.com,house,656,71,72,45652,electric
leroman@zoomit.com,house,177,,76,32237,"electric,fuel oil"
leschberger@scottech.com,house,2234,76,74,41513,gas
lestell@domzoom.com,apartment,381,77,74,48310,fuel oil
lestell@lexiqvolax.com,house,725,71,74,17001,
lfallick@sonron.com,apartment,1726,71,72,91009,
lfarrar@hatfan.com,townhome,693,71,68,55614,gas
lfarrow@y-corporation.com,house,1258,69,70,74873,
lfeichtner@donquadtech.com,house,1051,71,72,33770,
lfeichtner@streethex.com,townhome,109,77,71,1366,
lfelger@fasehatice.com,house,2462,77,,48025,"electric,gas"
lfelger@nam-zim.com,townhome,2478,72,72,4055,
lfigeroa@mathtouch.com,townhome,1876,68,,64443,"electric,gas"
lfishburne@kinnamplus.com,townhome,1723,74,,61437,"gas,steam"
lflosi@domzoom.com,condominium,1418,69,74,51551,
lflosi@ganjaflex.com,apartment,1004,68,73,44054,"gas,fuel oil"
lfoller@golddex.com,house,752,72,,18229,gas
lfoller@konex.com,house,2467,70,69,56750,gas
lfrerking@dambase.com,apartment,926,76,70,96053,fuel oil
lfrey@sonron.com,house,2570,75,73,16856,"electric,gas"
lfunnell@opentech.com,house,1668,69,75,72631,electric
lgehrett@rantouch.com,apartment,1032,73,73,77592,"electric,gas"
lgellinger@sunnamplex.com,townhome,540,71,70,75263,electric
lgiguere@goodsilron.com,house,913,69,72,5466,"electric,gas"
lgillaspie@konmatfix.com,house,1516,77,,47863,gas
lgillaspie@statholdings.com,house,937,,73,29821,"gas,fuel oil"
lgleich@bioholding.com,house,663,73,75,32722,"electric,steam"
lgleich@golddex.com,house,826,73,72,40119,electric
lgleich@plusstrip.com,apartment,923,,,29628,steam
lgleich@scottech.com,apartment,1433,69,76,94245,fuel oil
lglick@openlane.com,house,1144,,72,55747,gas
lgobern@ganjaflex.com,townhome,120,76,72,82329,"electric,gas"
lgoldammer@blackzim.com,apartment,495,76,,75435,electric
lgotter@xx-zobam.com,townhome,483,74,,75172,gas
lgreenbush@iselectrics.com,condominium,898,68,69,19435,"electric,gas"
lgreenbush@sunnamplex.com,house,1436,71,73,45268,
lhagele@lexiqvolax.com,house,930,67,70,11757,
lharabedian@betatech.com,apartment,1749,76,74,38857,"electric,fuel oil"
lharnos@finjob.com,townhome,583,67,,91125,fuel oil
lharnos@sonron.com,townhome,1452,76,,61755,"electric,gas"
lharoldson@nam-zim.com,townhome,611,,,77969,gas
lharoldson@toughzap.com,house,1500,71,,95234,
lhaufler@donquadtech.com,apartment,301,72,,47654,fuel oil
lhaufler@rantouch.com,apartment,1592,,72,91921,gas
lheimann@groovestreet.com,apartment,1586,66,,52253,
lheimann@rantouch.com,house,65,68,71,58718,gas
lheimann@silis.com,apartment,900,76,74,47114,"electric,gas"
lheimann@sunnamplex.com,apartment,1604,73,,28754,"electric,gas"
lheintzman@plexzap.com,apartment,1540,74,,12590,"electric,gas"
lheintzman@year-job.com,condominium,1098,78,,47740,"electric,gas"
lhellickson@sumace.com,house,647,72,70,52531,gas
lhengel@donware.com,house,877,72,70,7060,steam
lhiatt@j-texon.com,mobile home,246,74,71,6030,"electric,gas,steam"
lhirpara@blackzim.com,house,2173,66,73,4359,"electric,gas"
lhirpara@golddex.com,house,1218,74,73,13119,gas
lhirpara@scottech.com,apartment,450,72,73,98645,
lhirpara@statholdings.com,apartment,901,70,,47043,gas
lhixenbaugh@hatfan.com,house,325,71,72,38348,electric
lhochard@gogozoom.com,apartment,2264,73,71,79745,gas
lhochard@inity.com,apartment,547,74,68,64097,
lhochard@y-corporation.com,house,967,76,,46945,gas
lhoffis@iselectrics.com,house,2303,76,74,26282,electric
lhoffis@mathtouch.com,apartment,822,71,72,45804,gas
lhoneywell@funholding.com,apartment,812,73,,21661,electric
lhoneywell@gogozoom.com,house,860,,69,94121,
lhoopengardner@betatech.com,house,713,,72,6506,
lhoopengardner@statholdings.com,mobile home,377,67,,80104,gas
lhudnall@nam-zim.com,house,1166,71,,45684,gas
lisenhower@konmatfix.com,mobile home,232,72,73,1343,
ljeanty@scottech.com,apartment,744,66,73,25817,gas
ljillson@labdrill.com,townhome,1067,74,70,61051,gas
ljurney@conecom.com,house,1238,66,73,40972,"gas,fuel oil"
ljurney@scottech.com,apartment,1416,74,,98430,electric
ljuvera@faxquote.com,condominium,1187,73,74,60192,"electric,gas"
ljuvera@ron-tech.com,townhome,740,75,71,4623,electric
lkampa@conecom.com,townhome,1376,70,75,46797,electric
lkannady@rantouch.com,house,2023,74,73,45638,
lkarpel@warephase.com,house,824,74,70,45481,"electric,gas,fuel oil"
lkarpin@silis.com,mobile home,380,76,74,78760,steam
lkarpin@xx-holding.com,townhome,1285,76,72,12087,
lkeener@goodsilron.com,apartment,1012,,73,88114,"electric,gas"
lkeener@iselectrics.com,condominium,1746,72,,76852,gas
lkeetch@cancity.com,mobile home,690,71,74,29138,steam
lkeneipp@streethex.com,house,969,72,69,3111,electric
lketelsen@doncon.com,apartment,875,73,73,28682,fuel oil
lkiel@finhigh.com,apartment,2909,74,,45242,gas
lkiel@streethex.com,house,2377,71,72,49886,"steam,fuel oil"
lkippley@rantouch.com,house,103,74,,41037,gas
lklang@finhigh.com,apartment,480,,74,8065,"electric,steam"
lklang@xx-zobam.com,apartment,1694,,72,58224,
lklusman@finhigh.com,house,973,,72,38358,gas
lkohnert@warephase.com,mobile home,253,72,71,46968,steam
lkonopacki@cancity.com,apartment,862,78,72,12071,
lkonopacki@hatfan.com,apartment,2041,65,,52077,electric
lkusko@ontomedia.com,apartment,523,66,76,8618,fuel oil
llabreche@donware.com,mobile home,446,72,69,94283,electric
llabreche@isdom.com,apartment,490,,74,6349,steam
llabreche@zumgoity.com,house,956,67,72,54488,electric
llace@bioplex.com,condominium,1790,70,73,83552,electric
llace@xx-zobam.com,house,1709,75,75,60451,"electric,gas,steam"
llacovara@codehow.com,house,244,76,71,54735,gas
llacovara@ron-tech.com,apartment,959,65,74,91943,"electric,gas"
llary@groovestreet.com,apartment,1165,70,71,73553,gas
llary@inity.com,house,1749,74,75,53211,
llatzke@dontechi.com,townhome,3179,71,,33733,gas
llatzke@hatfan.com,mobile home,204,74,73,43212,
llawler@cancity.com,house,1602,71,73,56360,electric
llayous@rantouch.com,house,1632,68,,32702,"electric,gas,fuel oil"
lleinenbach@condax.com,townhome,2989,76,,12159,electric
lleinenbach@scottech.com,apartment,874,69,73,80549,"electric,gas"
llietz@bioplex.com,apartment,652,73,73,54983,electric
llimmel@zencorporation.com,house,2355,70,72,67226,"electric,gas,fuel oil"
llimmel@zoomit.com,condominium,585,,70,1074,
llinahan@gogozoom.com,townhome,1165,,,66160,gas
llinahan@kinnamplus.com,mobile home,334,73,71,97307,"electric,gas"
llinahan@lexiqvolax.com,apartment,1402,76,,98660,"electric,gas"
llinahan@singletechno.com,house,1441,72,,39087,electric
llipke@ontomedia.com,apartment,606,73,,72329,electric
llipke@rundofase.com,townhome,1805,70,74,6155,electric
llipkin@kinnamplus.com,house,1637,65,70,98030,electric
llizama@codehow.com,apartment,846,75,,3821,"electric,fuel oil"
lloader@treequote.com,house,1683,74,73,84319,
llueckenbach@doncon.com,apartment,505,74,72,48852,"electric,gas,fuel oil"
llueckenbach@zoomit.com,house,2866,73,69,73933,
llungren@doncon.com,house,554,71,68,6875,
llungren@finjob.com,house,125,75,,32236,
lmaclead@doncon.com,house,754,72,75,96793,"electric,gas"
lmadarang@ontomedia.com,house,2820,76,71,98199,gas
lmadarang@ron-tech.com,condominium,782,71,,76204,gas
lmaile@zotware.com,apartment,1006,75,76,34450,electric
lmaillard@betatech.com,house,2680,75,74,85717,
lmalet@ganjaflex.com,apartment,535,74,71,28815,electric
lmalet@golddex.com,townhome,1352,72,,52727,steam
lmallett@condax.com,apartment,786,73,,36462,electric
lmalvin@iselectrics.com,townhome,564,,74,68772,"electric,gas,steam"
lmalvin@kan-code.com,townhome,880,,70,13310,"electric,gas"
lmalvin@labdrill.com,townhome,3422,74,,96846,electric
lmanno@doncon.com,house,1160,70,,77005,electric
lmanno@fasehatice.com,townhome,1037,72,,99606,"electric,gas"
lmanno@plexzap.com,apartment,427,72,,4764,"electric,gas,steam"
lmarrier@blackzim.com,apartment,827,75,71,6040,fuel oil
lmarrier@opentech.com,apartment,760,76,,62898,gas
lmartabano@funholding.com,apartment,895,73,,25501,"electric,steam"
lmastella@fasehatice.com,house,1527,71,69,54135,"electric,gas"
lmastella@ganjaflex.com,house,759,69,73,99141,electric
lmastella@isdom.com,apartment,1145,66,75,40340,
lmauson@bioplex.com,house,156,71,72,54874,"electric,fuel oil"
lmaybury@domzoom.com,apartment,323,73,75,93626,
lmaybury@finhigh.com,townhome,3488,74,,37395,"electric,gas"
lmaynerich@bioplex.com,apartment,1971,75,69,35649,gas
lmclaird@blackzim.com,townhome,1255,75,75,57067,
lmclaird@ganjaflex.com,house,685,69,75,85633,gas
lmclaird@stanredtax.com,house,759,76,72,215,gas
lmcnease@dontechi.com,apartment,825,71,,22711,electric
lmcnease@nam-zim.com,house,1292,70,74,41017,fuel oil
lmconnell@scotfind.com,apartment,551,75,69,25976,
lmcrae@warephase.com,apartment,2116,69,70,2188,"electric,fuel oil"
lmeinerding@domzoom.com,apartment,1507,72,74,57016,electric
lmeinerding@warephase.com,house,2264,68,73,10629,"electric,gas,fuel oil"
lmenter@finjob.com,apartment,161,69,75,59044,"electric,gas"
lmenter@hottechi.com,house,3266,72,73,17580,
lmenter@plusstrip.com,condominium,1918,75,73,37723,"electric,gas,fuel oil"
lmerced@silis.com,house,130,75,,59007,electric
lmerced@zumgoity.com,apartment,1193,74,71,56164,"gas,steam"
lmeteer@plusstrip.com,mobile home,1151,69,73,17921,steam
lmiceli@donware.com,townhome,1723,74,,59866,"electric,steam"
lmiceli@inity.com,apartment,82,68,72,91365,"electric,gas"
lmiceli@newex.com,apartment,713,69,74,75223,gas
lmiceli@silis.com,apartment,465,,,29608,electric
lmirafuentes@ron-tech.com,house,1355,76,71,2467,"electric,gas,fuel oil"
lmiro@yearin.com,townhome,651,64,68,60144,
lmondella@conecom.com,townhome,1610,,73,98223,"gas,fuel oil"
lmonterrubio@groovestreet.com,apartment,1244,69,,67488,gas
lmorasca@kinnamplus.com,condominium,1259,71,73,23085,"electric,gas,steam"
lmorocco@newex.com,house,1204,,73,33410,"electric,gas"
lmorocco@sonron.com,townhome,1281,72,69,95970,
lmotley@sumace.com,condominium,757,72,,47130,"steam,fuel oil"
lmugnolo@doncon.com,house,769,70,75,42058,
lmulqueen@condax.com,apartment,84,75,75,61025,"gas,steam"
lmulqueen@iselectrics.com,apartment,521,70,71,38746,"electric,gas"
lmunis@y-corporation.com,house,656,69,73,55434,electric
lmunns@hottechi.com,townhome,1985,75,,77564,electric
lmunns@zotware.com,house,756,76,69,94708,electric
lmyricks@openlane.com,house,2035,78,73,45383,"electric,steam"
lnabours@konmatfix.com,townhome,1589,69,71,26559,
lnabours@rundofase.com,apartment,886,74,69,79344,steam
lnachor@scottech.com,townhome,765,74,,55796,electric
lnayar@dambase.com,condominium,44,72,68,14484,electric
lneither@iselectrics.com,apartment,896,75,73,97466,fuel oil
lnestle@finhigh.com,townhome,680,70,74,21659,"electric,gas,steam"
lnewville@mathtouch.com,apartment,310,72,,4920,electric
lnewville@xx-zobam.com,house,230,73,74,56716,
lnievas@betasoloin.com,house,1006,73,68,36722,
lnievas@cancity.com,apartment,650,,73,77024,"electric,gas"
lnunlee@scottech.com,condominium,1068,71,71,15531,"electric,steam"
logg@labdrill.com,townhome,741,70,,46140,"electric,gas,fuel oil"
loldroyd@inity.com,apartment,1189,74,70,86337,
loldroyd@kinnamplus.com,house,1505,72,71,11954,"electric,gas,steam,fuel oil"
lonofrio@opentech.com,house,1087,74,,83643,"electric,gas"
lonofrio@rangreen.com,house,788,73,70,45719,
lostolaza@sunnamplex.com,townhome,1144,65,73,95108,gas
lostrosky@opentech.com,mobile home,217,70,73,56468,"electric,gas"
lpaa@dontechi.com,apartment,1095,74,72,18972,electric
lpagliuca@lexiqvolax.com,house,1630,74,76,21754,electric
lpalaia@hatfan.com,apartment,940,69,,83251,gas
lpalaia@nam-zim.com,house,1265,73,72,75050,
lpalaia@ontomedia.com,house,981,68,74,48856,fuel oil
lpalaia@singletechno.com,house,1284,71,71,38281,electric
lpalaspas@funholding.com,house,3202,71,,28420,electric
lpalaspas@labdrill.com,condominium,509,72,,46220,"gas,steam,fuel oil"
lpapasergi@goodsilron.com,house,2233,69,,34282,"electric,fuel oil"
lpaprocki@goodsilron.com,house,922,68,74,24925,"electric,gas"
lpaprocki@year-job.com,townhome,1108,72,72,33355,electric
lparlato@donquadtech.com,house,947,77,72,70195,"electric,fuel oil"
lparlato@gogozoom.com,mobile home,282,74,70,96751,gas
lparvis@j-texon.com,apartment,1060,72,71,17223,gas
lparvis@lexiqvolax.com,apartment,939,75,71,48472,
lparvis@streethex.com,house,776,71,,46058,"electric,gas"
lpatak@ontomedia.com,house,1261,68,68,27503,gas
lpaulas@codehow.com,apartment,484,66,,44620,electric
lpawlowicz@zathunicon.com,condominium,111,71,72,4276,
lperigo@lexiqvolax.com,townhome,1455,73,,57223,"electric,steam"
lperin@betatech.com,apartment,1939,,69,46069,"electric,gas"
lperin@ontomedia.com,house,632,,69,54667,"electric,gas"
lperruzza@doncon.com,house,1144,68,73,85932,
lpinilla@zumgoity.com,apartment,1619,72,74,8089,"electric,gas"
lplumer@zotware.com,condominium,1150,70,,80000,"electric,fuel oil"
lpolidori@konex.com,apartment,797,72,,6247,"electric,gas"
lpolidori@zoomit.com,house,1338,74,72,70048,"gas,steam"
lpugh@conecom.com,townhome,98,71,74,32531,electric
lpugh@yearin.com,apartment,827,78,74,81102,"electric,fuel oil"
lradde@inity.com,townhome,2338,68,,56291,
lragel@iselectrics.com,apartment,917,75,72,34217,electric
lragel@zoomit.com,apartment,1119,68,72,38066,"gas,fuel oil"
lraymo@faxquote.com,apartment,73,74,,56051,"gas,fuel oil"
lrentfro@codehow.com,apartment,506,68,76,18848,
lrhoden@inity.com,mobile home,224,72,73,3864,"electric,gas"
lrhym@bioplex.com,townhome,2120,71,70,84523,gas
lrhym@rundofase.com,mobile home,533,76,72,32582,"electric,gas"
lrodeigues@kinnamplus.com,house,170,74,,92108,"electric,gas,fuel oil"
lrodenberger@statholdings.com,townhome,689,66,71,10703,
lroyster@rantouch.com,condominium,164,69,75,97493,electric
lroyster@sumace.com,apartment,1283,73,,51467,gas
lroyster@sunnamplex.com,townhome,2531,75,73,8886,electric
lruta@sumace.com,townhome,487,71,73,99559,
lruta@yearin.com,house,1705,68,73,83343,electric
lsahagun@betatech.com,condominium,546,,,75460,
lsama@openlane.com,apartment,396,76,74,50536,"electric,gas"
lsamu@inity.com,apartment,562,76,72,77041,"electric,steam"
lsamu@zencorporation.com,townhome,689,74,69,92728,electric
lsarao@lexiqvolax.com,townhome,580,68,75,72115,"gas,fuel oil"
lsarao@rantouch.com,townhome,228,70,70,68661,gas
lsaras@dambase.com,apartment,1065,70,72,90809,"electric,gas,steam,fuel oil"
lsawchuk@plussunin.com,townhome,486,75,,15754,electric
lsayaphon@rangreen.com,apartment,85,,,89020,"electric,gas"
lsaylors@cancity.com,apartment,171,70,,56020,"electric,gas"
lschemmer@dontechi.com,apartment,1111,69,73,13042,
lscheyer@domzoom.com,townhome,64,,74,83637,
lscheyer@funholding.com,house,1501,70,,55741,"electric,gas"
lschmaltz@betatech.com,condominium,475,66,,17839,
lschmaltz@golddex.com,townhome,1375,73,,27040,
lschnitzler@sonron.com,apartment,667,76,74,59420,
lscipione@zathunicon.com,apartment,1601,72,,49248,
lseewald@rundofase.com,apartment,1543,75,,12850,
lsemidey@faxquote.com,apartment,614,77,69,71350,fuel oil
lsengbusch@toughzap.com,house,2879,69,73,54621,gas
lsergi@plexzap.com,house,87,72,74,23399,
lshealy@conecom.com,house,2073,,70,73402,gas
lshields@finjob.com,apartment,167,74,75,6239,fuel oil
lshields@groovestreet.com,apartment,902,,75,78573,gas
lshin@golddex.com,house,89,71,,36346,gas
lshinko@xx-holding.com,house,602,72,71,24111,electric
lshire@lexiqvolax.com,house,1640,,72,2090,"gas,fuel oil"
lsilvestrini@nam-zim.com,house,2948,76,69,58705,electric
lsilvestrini@zotware.com,house,775,71,72,55792,"electric,gas"
lsimilton@blackzim.com,apartment,622,,75,4294,steam
lsimilton@rangreen.com,house,1348,72,73,44123,gas
lskursky@dalttechnology.com,house,951,76,,18427,"electric,steam"
lskursky@ganjaflex.com,mobile home,781,72,,62356,fuel oil
lslayton@rundofase.com,mobile home,465,75,73,18769,"electric,fuel oil"
lsmith@cancity.com,townhome,1381,76,,79698,gas
lspickerman@sunnamplex.com,condominium,429,74,72,8505,"gas,steam"
lspringe@ganjaflex.com,condominium,1518,69,72,49094,electric
lsteffensmeier@funholding.com,apartment,87,70,72,47037,"gas,steam,fuel oil"
lsteier@green-plus.com,house,1694,69,75,95344,
lstem@bioholding.com,townhome,1115,69,76,12793,"electric,gas,fuel oil"
lstem@labdrill.com,house,1636,73,,99622,"electric,gas,fuel oil"
lstimmel@iselectrics.com,condominium,1215,71,,13460,"electric,gas"
lstimmel@konex.com,house,1095,76,,48614,"gas,fuel oil"
lstockham@sunnamplex.com,townhome,1289,,72,94282,electric
lstrassner@kan-code.com,apartment,1807,75,72,75422,fuel oil
lstuer@kan-code.com,apartment,435,70,72,63345,
lsuffield@scottech.com,house,2307,73,72,23147,electric
lsweely@rangreen.com,house,1176,73,69,41828,electric
lsweigard@toughzap.com,house,716,75,,23176,"electric,fuel oil"
lsyrop@domzoom.com,house,1952,71,72,10110,"gas,fuel oil"
ltagala@bioplex.com,apartment,1382,73,74,57248,gas
ltagala@conecom.com,mobile home,181,70,76,43981,"electric,fuel oil"
ltawil@plusstrip.com,townhome,1347,76,74,80131,electric
ltawil@zotware.com,house,117,73,74,92120,"electric,gas"
lthreets@blackzim.com,apartment,1256,72,,32897,
lthreets@rangreen.com,house,1859,73,74,74641,electric
lthyberg@opentech.com,house,1209,75,72,79252,"electric,steam"
lthyberg@toughzap.com,townhome,1704,76,71,32683,"electric,gas,steam"
ltimenez@isdom.com,townhome,1224,71,,36114,gas
ltimenez@rangreen.com,apartment,939,72,,38560,electric
ltjepkema@zencorporation.com,apartment,46,71,,61279,
ltollner@funholding.com,mobile home,681,72,72,83201,"electric,gas"
ltollner@golddex.com,apartment,1080,75,72,13480,"electric,gas"
ltomblin@condax.com,apartment,915,71,,30821,electric
ltomblin@plusstrip.com,townhome,2278,69,72,87825,
ltoyama@rundofase.com,apartment,1201,67,73,75457,gas
ltreston@ganjaflex.com,condominium,1818,75,72,83633,"electric,gas,fuel oil"
ltromblay@isdom.com,house,1446,71,75,61771,electric
lvanausdal@zumgoity.com,house,1576,72,72,67870,
lvarriano@toughzap.com,house,1056,78,73,63133,"electric,gas"
lvenere@domzoom.com,apartment,903,70,70,41537,"electric,gas,steam"
lvenere@ganjaflex.com,mobile home,455,77,72,30412,electric
lvenere@rangreen.com,apartment,893,73,69,979,electric
lventura@betasoloin.com,condominium,1563,71,73,59523,
lventura@stanredtax.com,condominium,99,71,,72165,electric
lvillanueva@betasoloin.com,house,524,70,74,7642,electric
lvinning@hatfan.com,house,1419,69,72,83114,electric
lvizarro@condax.com,apartment,132,74,69,39501,"electric,gas,fuel oil"
lvizarro@hatfan.com,house,4371,78,72,28380,
lwardrip@streethex.com,apartment,2162,73,72,21795,gas
lwaymire@konmatfix.com,mobile home,242,78,71,23454,electric
lweglarz@cancity.com,condominium,512,72,70,37064,
lweglarz@codehow.com,condominium,636,,70,72522,electric
lweglarz@conecom.com,apartment,933,70,71,71260,"electric,gas,fuel oil"
lweglarz@dalttechnology.com,house,1281,65,73,46176,fuel oil
lweirather@faxquote.com,apartment,49,72,,24433,"electric,gas"
lweirather@sunnamplex.com,condominium,1092,73,,60913,gas
lwenner@blackzim.com,house,3488,70,73,24958,"gas,fuel oil"
lwenzinger@konmatfix.com,house,1506,72,71,40292,"electric,fuel oil"
lwhobrey@mathtouch.com,house,2236,74,72,30442,"electric,gas"
lwieser@green-plus.com,apartment,803,73,,50139,electric
lwiklund@codehow.com,house,293,69,72,66066,"electric,gas"
lwiklund@inity.com,apartment,693,,72,10471,"electric,gas"
lwiklund@konex.com,house,813,73,72,30044,gas
lwitten@dontechi.com,house,2179,74,,29164,"electric,steam"
lwolfgramm@betasoloin.com,townhome,402,73,,73562,electric
lwolfgramm@scottech.com,apartment,931,75,71,12305,fuel oil
lwolfgramm@warephase.com,house,1945,76,76,19517,gas
lworlds@plexzap.com,mobile home,352,71,,63469,electric
lworlds@plussunin.com,condominium,930,,71,33760,fuel oil
lwrinkles@blackzim.com,apartment,474,75,,36109,"electric,gas,fuel oil"
lyglesias@dalttechnology.com,house,1661,76,75,4290,electric
lyori@ganjaflex.com,condominium,637,68,74,98570,gas
lyori@opentech.com,apartment,149,73,,73547,gas
lyori@zoomit.com,apartment,1233,77,74,21912,electric
lyum@lexiqvolax.com,apartment,355,74,,16253,electric
lyum@ontomedia.com,townhome,606,72,75,81022,gas
lzane@y-corporation.com,apartment,792,72,,72381,steam
mabdallah@kan-code.com,apartment,550,,73,97467,electric
macuff@iselectrics.com,house,1486,70,73,18256,"electric,gas"
madkin@faxquote.com,apartment,578,71,74,46207,
madkin@silis.com,house,1411,75,68,72327,fuel oil
mahle@kinnamplus.com,apartment,785,,72,29636,"electric,gas,fuel oil"
malbares@goodsilron.com,house,1538,,71,16422,"electric,gas,fuel oil"
mamigon@donquadtech.com,house,1386,73,70,37879,
mamigon@ganjaflex.com,apartment,646,70,71,4330,gas
mamigon@statholdings.com,mobile home,201,73,,99791,
mamyot@fasehatice.com,house,3490,70,,92418,fuel oil
mandreason@domzoom.com,townhome,430,74,75,32504,"electric,fuel oil"
mandreason@faxquote.com,townhome,845,74,,93013,
mankeny@ron-tech.com,house,137,75,76,84328,"electric,gas,fuel oil"
maquas@conecom.com,townhome,577,,72,54499,gas
maquas@plussunin.com,condominium,848,76,69,65299,electric
marceo@bioplex.com,apartment,755,69,72,42431,"electric,fuel oil"
maredondo@nam-zim.com,house,204,65,72,33121,
masar@zumgoity.com,apartment,1067,73,72,51342,gas
mauber@hottechi.com,apartment,590,68,70,14004,
mauffrey@blackzim.com,apartment,1351,74,72,48806,
mauffrey@inity.com,apartment,488,76,73,66858,electric
mauffrey@kan-code.com,apartment,1011,75,73,2672,electric
mauffrey@zotware.com,house,1172,72,70,25090,electric
mbartolet@betatech.com,apartment,475,73,72,46619,
mbatman@doncon.com,house,4618,75,,70631,"electric,gas,steam"
mbenimadho@finhigh.com,house,1497,74,68,90046,fuel oil
mbenimadho@green-plus.com,house,2221,68,71,45855,electric
mbenimadho@stanredtax.com,house,902,,73,33672,fuel oil
mbennick@lexiqvolax.com,apartment,993,71,75,19058,fuel oil
mberganza@green-plus.com,house,139,69,75,56633,
mberray@groovestreet.com,apartment,2056,72,,32890,gas
mbiddy@j-texon.com,condominium,2500,72,72,23890,electric
mbiddy@rundofase.com,townhome,1620,69,70,33572,gas
mbiddy@zumgoity.com,condominium,1190,78,,77065,gas
mbilden@donware.com,condominium,2058,71,68,64439,fuel oil
mbirkner@inity.com,house,1518,73,74,93110,"electric,gas"
mbirkner@lexiqvolax.com,house,1463,65,73,75016,fuel oil
mbirkner@stanredtax.com,townhome,951,71,71,98019,"electric,gas,steam"
mbitsuie@bioplex.com,apartment,1119,74,73,56093,gas
mblackwood@mathtouch.com,condominium,1021,,72,63588,
mbookamer@finjob.com,apartment,1015,75,70,57070,"electric,gas"
mbourbon@betatech.com,mobile home,323,76,70,71671,fuel oil
mbourbon@statholdings.com,apartment,1410,74,75,25703,"electric,gas"
mbrachle@konex.com,townhome,573,67,76,48891,"electric,gas"
mbriddick@funholding.com,apartment,378,71,73,22650,electric
mbriddick@ganjaflex.com,condominium,900,72,73,985,electric
mbrossart@sonron.com,apartment,53,71,,93531,gas
mbrucato@dambase.com,apartment,1025,,76,24280,electric
mbubash@streethex.com,townhome,615,76,,68960,gas
mbutt@goodsilron.com,apartment,1589,74,,45682,
mbutzen@bioplex.com,apartment,1008,72,74,50278,"electric,gas"
mbutzen@lexiqvolax.com,apartment,344,,,81419,fuel oil
mbuvens@streethex.com,apartment,505,,69,41831,
mcaiafa@blackzim.com,apartment,1769,,,87057,gas
mcaldarera@blackzim.com,apartment,494,65,76,66752,"electric,gas"
mcallaro@domzoom.com,apartment,943,70,,94278,steam
mcampain@rangreen.com,apartment,1508,73,75,68874,"electric,steam"
mcandlish@nam-zim.com,apartment,431,76,73,13071,"electric,fuel oil"
mcanlas@donquadtech.com,mobile home,281,,,86427,gas
mcanlas@zotware.com,house,1913,73,72,38281,gas
mcaudy@newex.com,apartment,1309,,,38826,
mcaudy@xx-zobam.com,house,2411,68,73,55315,"electric,gas,steam,fuel oil"
mchui@betatech.com,apartment,628,70,74,12204,"electric,fuel oil"
mchui@funholding.com,townhome,1493,76,73,28747,
mchui@isdom.com,condominium,1448,75,72,61202,gas
mcolla@donware.com,house,124,70,76,4086,gas
mcomnick@hottechi.com,house,924,64,,59640,fuel oil
mcorrio@finhigh.com,mobile home,238,68,71,97625,
mdallen@mathtouch.com,house,889,,,58311,electric
mdarakjy@stanredtax.com,apartment,964,75,73,29206,fuel oil
mdelasancha@j-texon.com,house,99,,,61932,"electric,gas,fuel oil"
mdelasancha@xx-zobam.com,mobile home,376,70,,22948,
mdenooyer@rantouch.com,townhome,1368,73,71,24102,
mdenooyer@yearin.com,house,1543,76,70,4774,electric
mdewar@mathtouch.com,mobile home,51,76,73,49777,"electric,gas"
mdhamer@hottechi.com,townhome,2101,75,,80516,electric
mdhamer@konex.com,house,1818,73,73,33135,gas
mdhamer@plusstrip.com,apartment,930,76,72,14538,"electric,gas,steam,fuel oil"
mdiestel@ontomedia.com,house,1411,72,73,65302,"electric,gas"
mdinos@blackzim.com,house,908,74,73,91521,
mdinos@plussunin.com,apartment,86,,76,37851,"electric,gas,steam"
mdopico@condax.com,house,1725,71,72,24115,"electric,fuel oil"
mdubaldi@j-texon.com,house,2184,71,69,78725,electric
mduenas@betasoloin.com,apartment,830,69,,42351,gas
mduenas@konex.com,house,815,76,73,35202,
meanes@bioplex.com,house,803,75,73,15774,gas
mehmann@yearin.com,house,129,,,33587,"gas,fuel oil"
memard@faxquote.com,house,716,76,69,80420,"electric,steam"
memard@inity.com,condominium,377,75,73,76469,electric
memigh@blackzim.com,apartment,583,72,72,27711,"electric,gas"
mengelberg@sonron.com,house,2129,77,74,77002,"electric,gas"
mengelberg@zumgoity.com,house,1393,75,,73842,gas
meroman@singletechno.com,house,104,74,71,31520,electric
meschberger@dalttechnology.com,apartment,1345,69,72,48157,"electric,gas"
mestell@j-texon.com,apartment,1067,75,,67485,
mestell@scottech.com,apartment,831,,,94525,electric
mfallick@finhigh.com,apartment,434,74,,34737,fuel oil
mfallick@iselectrics.com,house,824,65,73,61776,electric
mfeichtner@openlane.com,house,751,72,75,68071,"electric,gas,steam"
mfeichtner@zathunicon.com,house,1449,69,,91381,gas
mferencz@codehow.com,house,931,,,20191,
mfern@green-plus.com,apartment,103,,70,82703,electric
mferrario@yearin.com,apartment,916,69,74,30224,electric
mfillingim@bioplex.com,condominium,608,74,69,56727,
mfillingim@kinnamplus.com,condominium,2465,65,,73659,
mfishburne@newex.com,house,728,75,73,42223,gas
mflosi@streethex.com,apartment,564,75,70,20544,steam
mfoller@codehow.com,house,1529,76,,77704,"electric,gas"
mfoller@dontechi.com,condominium,1628,70,,87564,"electric,gas"
mfortino@scottech.com,house,218,,71,36916,gas
mfrancescon@betatech.com,townhome,796,77,75,2029,"electric,gas"
mfrerking@bioplex.com,apartment,1544,73,70,14111,gas
mfritz@labdrill.com,townhome,1345,73,,46543,"electric,gas,fuel oil"
mgalam@xx-holding.com,apartment,690,77,,64106,"gas,steam"
mgarufi@betasoloin.com,apartment,1023,76,,17078,electric
mgarufi@nam-zim.com,townhome,1427,77,,54234,"electric,steam"
mgato@ganjaflex.com,condominium,635,68,,71233,gas
mgesick@donware.com,house,535,76,75,5842,electric
mgesick@labdrill.com,condominium,1121,,73,28203,electric
mgiguere@zotware.com,condominium,199,73,73,67951,electric
mgillaspie@j-texon.com,apartment,532,76,71,21014,electric
mgillaspie@zumgoity.com,mobile home,38,72,69,32726,gas
mgillian@sonron.com,apartment,439,75,,42054,
mgleich@y-corporation.com,house,925,71,74,43207,"electric,gas"
mglick@stanredtax.com,house,1015,69,68,77841,
mgobern@plussunin.com,apartment,1855,66,71,27854,"electric,gas,fuel oil"
mgochal@isdom.com,house,1394,71,,68520,
mgoldammer@zoomit.com,apartment,907,73,,58461,steam
mgreenbush@year-job.com,townhome,1063,68,75,24482,fuel oil
mgreenbush@zencorporation.com,apartment,405,70,71,57779,
mgudroe@doncon.com,house,2024,75,,36901,
mgudroe@zencorporation.com,apartment,563,76,,58436,gas
mhalter@gogozoom.com,condominium,552,68,71,88345,"gas,steam"
mhanafan@hatfan.com,house,1417,76,73,41004,"electric,gas,steam,fuel oil"
mharabedian@finhigh.com,house,1330,,74,3257,"electric,fuel oil"
mharabedian@xx-zobam.com,house,101,73,,48707,"electric,fuel oil"
mharoldson@year-job.com,house,851,,,90407,electric
mhauenstein@labdrill.com,mobile home,464,75,72,19465,"electric,gas"
mheintzman@codehow.com,house,2332,69,71,62721,
mhellickson@konex.com,house,823,74,76,72352,
mhiatt@rantouch.com,house,1759,,,35085,"electric,gas"
mhidvegi@rundofase.com,apartment,481,68,72,2858,"electric,fuel oil"
mhidvegi@sumace.com,apartment,115,,73,14692,"electric,fuel oil"
mhirpara@cancity.com,condominium,1484,77,73,3907,electric
mhixenbaugh@kinnamplus.com,apartment,1023,72,73,54454,"electric,fuel oil"
mhoa@bioplex.com,apartment,756,67,,91380,electric
mhoneywell@betatech.com,house,563,,74,6927,
mhoneywell@sumace.com,townhome,1677,70,72,93429,
mhoogland@betatech.com,apartment,1402,69,72,56742,gas
mhughey@zencorporation.com,house,1841,,72,66040,"electric,gas"
mhusser@doncon.com,house,2036,77,71,77479,electric
minouye@faxquote.com,condominium,689,68,73,44103,
misenhower@lexiqvolax.com,apartment,903,76,71,83335,"gas,fuel oil"
miturbide@betasoloin.com,apartment,838,72,73,73113,
mjeanty@betatech.com,condominium,773,64,70,37820,gas
mjeanty@finjob.com,apartment,1179,,72,67026,"electric,gas,steam"
mjillson@betatech.com,condominium,569,73,71,35216,fuel oil
mjulia@fasehatice.com,condominium,1139,70,72,15003,"electric,steam"
mjulia@newex.com,townhome,454,,72,24102,
mjulia@warephase.com,house,1510,77,72,40287,
mjuvera@newex.com,condominium,830,74,70,15112,"gas,fuel oil"
mjuvera@plusstrip.com,townhome,1601,73,,23065,"electric,gas"
mkampa@singletechno.com,apartment,872,74,,7451,"electric,gas"
mkaniecki@cancity.com,apartment,1323,71,73,78268,
mkarpel@dontechi.com,townhome,1218,77,69,71653,gas
mkeneipp@betasoloin.com,apartment,679,74,,15204,"electric,gas"
mkeneipp@dambase.com,townhome,1114,,,13093,
mketelsen@isdom.com,mobile home,234,,,10185,"electric,gas"
mkines@singletechno.com,townhome,2676,,73,56085,fuel oil
mkitty@newex.com,townhome,746,76,75,35178,gas
mklonowski@finhigh.com,apartment,1167,71,71,28458,gas
mklonowski@finjob.com,apartment,1063,72,70,29103,fuel oil
mkohl@domzoom.com,condominium,1421,77,76,32511,electric
mkohl@zathunicon.com,house,1147,76,74,25247,fuel oil
mkolmetz@bioholding.com,apartment,877,68,73,57105,"gas,fuel oil"
mkoppinger@goodsilron.com,apartment,566,70,,15857,"gas,steam,fuel oil"
mkoppinger@sonron.com,house,1645,,71,57477,electric
mkorando@finjob.com,townhome,623,75,,47925,
mkorando@sonron.com,house,2261,72,72,55741,electric
mkownacki@isdom.com,house,1378,71,,28790,gas
mkulzer@fasehatice.com,condominium,1762,72,,49074,"electric,gas"
mlabreche@donware.com,apartment,407,75,,78833,"electric,gas,steam,fuel oil"
mlary@singletechno.com,townhome,1142,72,68,36722,electric
mlatzke@condax.com,apartment,1221,71,76,73072,
mlatzke@hottechi.com,condominium,632,75,73,2454,fuel oil
mlatzke@openlane.com,condominium,4035,69,,3570,electric
mlatzke@zumgoity.com,house,1685,,71,90624,
mlawler@ontomedia.com,house,1088,71,71,15547,
mlayous@green-plus.com,apartment,458,73,72,953,
mleinenbach@donquadtech.com,apartment,1368,,72,28373,fuel oil
mleto@plusstrip.com,house,1622,74,71,12189,electric
mlinahan@isdom.com,condominium,1159,67,75,71743,electric
mlindall@opentech.com,townhome,1300,70,75,51430,
mloder@year-job.com,apartment,995,74,,85620,"gas,fuel oil"
mlother@condax.com,apartment,790,,,64434,electric
mlouissant@xx-zobam.com,apartment,830,69,72,73531,gas
mluczki@rantouch.com,townhome,1409,,72,46058,
mlueckenbach@finhigh.com,apartment,672,67,74,41607,fuel oil
mlueckenbach@ontomedia.com,townhome,2187,70,,72101,electric
mlungren@silis.com,apartment,337,73,,41837,"electric,gas,fuel oil"
mmaillard@stanredtax.com,townhome,1573,71,75,47234,
mmaisto@finjob.com,house,1346,69,,13478,electric
mmalet@plussunin.com,house,2430,,,71660,
mmalvin@betasoloin.com,townhome,2327,71,74,70310,"gas,steam"
mmanno@faxquote.com,house,1287,72,73,97541,electric
mmanno@nam-zim.com,condominium,1156,72,73,68508,
mmartabano@treequote.com,condominium,77,66,71,24063,
mmauson@yearin.com,house,69,70,73,80644,electric
mmccullan@j-texon.com,house,2731,72,74,26508,"electric,steam,fuel oil"
mmccullan@rantouch.com,apartment,773,71,73,69339,
mmcdoniel@zathunicon.com,house,3343,70,73,63766,gas
mmclaird@labdrill.com,apartment,1363,74,75,93760,electric
mmclaird@xx-zobam.com,house,127,,,59275,"gas,fuel oil"
mmcnease@nam-zim.com,house,868,73,74,10184,gas
mmconnell@plussunin.com,house,675,67,71,21556,"electric,gas,fuel oil"
mmeisel@openlane.com,townhome,1131,67,73,23441,electric
mmelnyk@mathtouch.com,condominium,585,74,75,28687,
mmelnyk@scotfind.com,condominium,892,73,73,76121,
mmirafuentes@donware.com,mobile home,202,74,70,42717,electric
mmiro@sunnamplex.com,apartment,651,,71,84201,electric
mmiro@yearin.com,house,1709,74,74,8039,electric
mmodzelewski@plussunin.com,townhome,3129,73,,19139,steam
mmondella@mathtouch.com,apartment,1369,76,75,37397,"electric,fuel oil"
mmonterrubio@domzoom.com,house,1459,69,72,72663,gas
mmorasca@dalttechnology.com,apartment,452,68,68,79997,steam
mmugnolo@yearin.com,townhome,1028,73,73,60646,"electric,gas"
mnayar@goodsilron.com,house,586,,76,94306,"electric,steam"
mnicolozakes@nam-zim.com,house,129,76,75,45344,"gas,fuel oil"
mnunlee@blackzim.com,apartment,96,74,72,74081,gas
mnunlee@konex.com,condominium,1581,70,72,72083,gas
mohms@blackzim.com,condominium,1524,72,74,39171,fuel oil
mohms@isdom.com,house,1477,74,72,22134,steam
mostolaza@stanredtax.com,townhome,3493,73,73,7421,"electric,gas,steam"
mostrosky@betatech.com,apartment,2015,77,,32331,"electric,fuel oil"
mostrosky@toughzap.com,mobile home,476,,72,31327,"steam,fuel oil"
mpalaia@warephase.com,house,739,71,72,1960,electric
mpalaspas@ganjaflex.com,condominium,1870,,,38567,gas
mpapasergi@mathtouch.com,apartment,1014,73,72,55972,
mpaprocki@bioholding.com,apartment,414,74,72,55404,"electric,fuel oil"
mpaprocki@hatfan.com,condominium,546,75,,67026,gas
mparvis@hottechi.com,condominium,1363,75,,59018,
mpaskin@lexiqvolax.com,townhome,2613,66,,28552,"electric,gas"
mpaulas@ontomedia.com,house,605,73,74,65767,electric
mpedrozo@dambase.com,condominium,120,67,,66112,"electric,steam"
mperez@doncon.com,apartment,796,74,73,87801,gas
mperez@treequote.com,condominium,418,75,74,16554,
mperigo@j-texon.com,house,2579,69,72,43756,electric
mperruzza@konex.com,house,1304,73,76,12433,gas
mperruzza@year-job.com,apartment,763,77,,34475,"electric,gas,fuel oil"
mplumer@ron-tech.com,house,870,73,,89826,gas
mradde@ganjaflex.com,house,1464,74,,6040,electric
mradde@zoomit.com,townhome,273,71,72,50145,electric
mraymo@faxquote.com,apartment,91,74,72,12807,"gas,fuel oil"
mrentfro@betatech.com,house,1182,,,45341,electric
mrentfro@ron-tech.com,house,2806,65,74,5262,"electric,gas"
mrestrepo@nam-zim.com,house,2566,74,68,81414,gas
mrhym@betasoloin.com,townhome,884,73,74,64648,"electric,gas"
mrhym@betatech.com,condominium,1062,73,73,12247,"electric,gas"
mrhym@ron-tech.com,townhome,665,76,73,56525,
mrhymes@ganjaflex.com,townhome,1413,70,75,31744,"electric,gas"
mriden@sonron.com,apartment,69,72,74,36033,electric
mrim@groovestreet.com,apartment,1018,73,,94144,"gas,fuel oil"
mriopelle@stanredtax.com,house,72,74,,34168,electric
mrodeigues@conecom.com,condominium,2695,,75,43101,
mrodeigues@xx-holding.com,apartment,818,72,75,44630,electric
mrowling@rantouch.com,apartment,1170,73,69,98102,"electric,gas"
mrowling@zotware.com,mobile home,390,70,,34207,"gas,steam"
mroyster@dontechi.com,townhome,1035,70,73,22735,gas
mroyster@silis.com,apartment,682,68,74,75032,"electric,gas,fuel oil"
mrulapaugh@rundofase.com,apartment,974,77,71,33322,electric
mrulapaugh@stanredtax.com,townhome,642,75,71,49055,"electric,gas"
mruta@kan-code.com,townhome,681,67,73,34109,
mruta@kinnamplus.com,apartment,820,67,,4681,fuel oil
msahagun@domzoom.com,apartment,2079,72,,99683,"electric,gas"
msama@betatech.com,house,1193,75,72,70301,"electric,gas,fuel oil"
msamu@toughzap.com,house,137,66,,12175,fuel oil
msarao@lexiqvolax.com,apartment,1093,72,68,26407,
msawchuk@newex.com,apartment,945,75,71,95150,electric
mschemmer@bioplex.com,townhome,714,77,72,49240,electric
mschemmer@streethex.com,house,759,71,76,39568,fuel oil
mschemmer@zathunicon.com,condominium,965,66,71,24556,
mschirpke@j-texon.com,townhome,591,,73,98908,
mschirpke@zathunicon.com,mobile home,253,74,72,28367,fuel oil
mschmaltz@betasoloin.com,house,974,,73,43416,"electric,gas"
mschnitzler@opentech.com,condominium,1005,76,,77076,"electric,gas"
mschnitzler@ron-tech.com,house,735,69,,27960,
mschoeneck@green-plus.com,townhome,60,68,,63637,"gas,fuel oil"
mschoeneck@xx-holding.com,apartment,231,70,,49616,fuel oil
mseewald@betasoloin.com,apartment,492,72,,48049,"electric,gas,fuel oil"
mseewald@ron-tech.com,house,992,73,74,58267,
msemidey@labdrill.com,apartment,732,,73,51003,electric
msemidey@y-corporation.com,apartment,396,73,72,56482,steam
msetter@ganjaflex.com,house,2058,75,70,90241,
mshields@hatfan.com,apartment,1952,,,32606,"gas,steam,fuel oil"
mshinko@hatfan.com,condominium,1925,76,,23102,electric
msilvestrini@zathunicon.com,house,3098,73,72,41517,gas
mskursky@opentech.com,apartment,649,75,71,46127,"electric,gas"
mskursky@yearin.com,townhome,594,76,75,13302,
mslayton@golddex.com,condominium,1175,74,73,88103,"electric,steam"
mslusarski@donquadtech.com,apartment,3307,69,,22412,
msmith@labdrill.com,townhome,2054,,74,12903,gas
msteffensmeier@scottech.com,house,752,75,75,17739,"electric,gas"
mstem@sonron.com,house,1479,68,,65776,
mstenseth@betatech.com,house,1217,67,,21133,electric
mstenseth@ontomedia.com,townhome,780,72,74,60921,
mstenseth@plusstrip.com,house,1345,75,,84307,
mstockham@zumgoity.com,mobile home,357,69,72,13401,electric
mstuer@year-job.com,house,2119,,74,24984,
mtagala@cancity.com,house,1792,72,75,74337,electric
mtagala@nam-zim.com,mobile home,221,73,,60511,gas
mtawil@conecom.com,house,2128,69,74,61465,electric
mtawil@funholding.com,apartment,588,76,72,8088,"electric,gas"
mtegarden@hatfan.com,apartment,1188,74,70,14470,electric
mtegarden@plusstrip.com,townhome,439,68,69,93265,gas
mtillotson@finjob.com,condominium,1329,75,,16910,"electric,gas"
mtimenez@plusstrip.com,apartment,402,76,71,34146,gas
mtoelkes@donware.com,apartment,696,65,72,45719,gas
mtoelkes@scotfind.com,apartment,662,64,73,70749,"electric,gas"
mtollner@green-plus.com,house,1086,68,68,69218,
mtollner@scottech.com,mobile home,193,74,69,61433,gas
mtomasulo@isdom.com,house,3128,69,70,70543,"electric,steam"
mtoyama@zoomit.com,mobile home,181,,,54626,gas
muyetake@ron-tech.com,townhome,718,75,,62618,gas
mvanausdal@openlane.com,house,701,67,,77454,"electric,gas,fuel oil"
mvanheusen@hatfan.com,apartment,2090,75,71,32505,
mvarriano@dalttechnology.com,apartment,1010,73,,25846,"electric,gas"
mvarriano@labdrill.com,townhome,860,75,69,27113,
mventura@rantouch.com,townhome,1415,71,73,28073,"electric,gas,steam"
mvillanueva@kan-code.com,house,610,74,75,61847,steam
mvinning@fasehatice.com,condominium,117,68,72,75960,
mvinning@silis.com,house,1085,72,72,70764,gas
mvocelka@condax.com,house,706,76,74,38876,electric
mvonasek@xx-holding.com,condominium,576,65,68,30662,electric
mwardrip@j-texon.com,townhome,885,76,,74152,fuel oil
mwaycott@dambase.com,apartment,927,72,73,52501,gas
mwaycott@plusstrip.com,house,1536,71,73,30557,gas
mwaymire@zumgoity.com,house,3908,,72,37867,
mweglarz@donquadtech.com,apartment,1045,75,,29365,
mweirather@yearin.com,townhome,852,76,76,96721,gas
mwenner@plussunin.com,house,858,,69,45469,electric
mwesterbeck@faxquote.com,house,856,67,74,65722,"electric,gas,fuel oil"
mwesterbeck@openlane.com,apartment,389,73,70,68755,"electric,gas"
mwhobrey@doncon.com,house,2439,,72,55370,
mwhobrey@rundofase.com,mobile home,298,76,71,97842,"gas,fuel oil"
mwhobrey@yearin.com,mobile home,99,74,73,94560,gas
mwide@funholding.com,mobile home,320,75,72,54851,"electric,gas"
mwiklund@condax.com,house,976,71,74,15734,"electric,gas"
mwitten@dambase.com,condominium,712,74,,7926,gas
mwolfgramm@silis.com,townhome,562,76,76,64765,gas
mwolny@opentech.com,house,1288,,73,15921,"gas,fuel oil"
mwolny@rantouch.com,apartment,486,71,73,68655,
mworlds@doncon.com,house,1434,67,72,12180,
mwrinkles@funholding.com,house,1791,73,73,75603,gas
myum@dambase.com,apartment,2006,72,73,62351,electric
myum@silis.com,apartment,1405,71,71,78522,electric
mzagen@sumace.com,townhome,614,72,72,75410,gas
mzane@opentech.com,house,599,67,,70562,fuel oil
mzane@xx-holding.com,mobile home,177,74,75,8345,"electric,gas"
nacey@betatech.com,apartment,1167,77,73,80633,electric
nacey@dontechi.com,house,1096,71,75,83826,"electric,gas"
nadkin@zencorporation.com,house,106,75,,75651,
nandreason@stanredtax.com,mobile home,324,68,74,23873,
nankeny@funholding.com,house,1040,70,69,71049,
naredondo@konmatfix.com,apartment,1164,71,73,81012,electric
nbeech@zencorporation.com,mobile home,350,71,74,41745,"electric,gas"
nbenimadho@plussunin.com,condominium,3214,68,69,13626,"steam,fuel oil"
nbennick@groovestreet.com,apartment,1294,75,72,57309,"electric,fuel oil"
nberganza@y-corporation.com,house,850,76,73,6143,
nbergesen@ron-tech.com,apartment,473,66,75,17580,
nberlanga@kan-code.com,mobile home,202,74,76,66536,"electric,gas"
nbookamer@rangreen.com,house,1672,75,76,41098,
nboulter@hottechi.com,house,767,72,73,89703,gas
nbrucato@conecom.com,house,1587,74,,63748,"electric,steam"
nbubash@condax.com,apartment,827,75,,77874,
ncaiafa@newex.com,townhome,876,76,72,79781,gas
ncaudy@labdrill.com,apartment,771,,74,2362,"gas,fuel oil"
ncetta@rundofase.com,apartment,385,74,,36350,"electric,gas"
nchavous@j-texon.com,townhome,2018,71,,40578,"electric,fuel oil"
nclaucherty@codehow.com,apartment,1423,71,,17069,
nclaucherty@warephase.com,house,773,67,73,64108,gas
ncolaizzo@scottech.com,apartment,742,73,,62047,
ncolaizzo@yearin.com,house,2006,74,73,50167,
ncorrio@toughzap.com,townhome,1094,68,,58502,electric
ncousey@warephase.com,house,1624,71,,15778,
ncoyier@scottech.com,mobile home,276,75,69,85278,electric
ncraghead@faxquote.com,mobile home,231,75,,2172,
ndaufeldt@ron-tech.com,mobile home,1032,,72,63956,"electric,gas,steam"
ndevreese@warephase.com,house,786,71,,91899,electric
ndorshorst@treequote.com,apartment,757,71,,42104,electric
ndrymon@kinnamplus.com,condominium,1169,72,73,16258,electric
nemigh@treequote.com,house,686,76,69,95020,electric
nengelberg@ganjaflex.com,apartment,729,,,93035,electric
neschberger@ontomedia.com,townhome,927,68,69,73401,
nfallick@golddex.com,apartment,741,70,70,19031,gas
nfarrar@sumace.com,townhome,1741,72,72,14206,
nfelger@goodsilron.com,townhome,142,68,76,4623,gas
nferencz@dambase.com,apartment,1608,75,74,805,
nfern@openlane.com,apartment,959,71,,66406,electric
nflosi@newex.com,apartment,639,,76,64445,"electric,gas,steam"
nfortino@gogozoom.com,condominium,2343,73,,10012,"electric,gas"
nfrerking@sumace.com,apartment,731,72,73,2405,electric
ngarufi@zoomit.com,apartment,817,69,75,68930,fuel oil
ngillaspie@betasoloin.com,house,556,,72,67452,"electric,gas,fuel oil"
ngillaspie@plussunin.com,house,308,,,61813,
nglick@betatech.com,house,1623,70,68,83324,electric
ngoldammer@mathtouch.com,condominium,1334,73,75,39569,gas
ngreenbush@gogozoom.com,townhome,109,76,,50014,"electric,gas,fuel oil"
nhalter@year-job.com,apartment,1089,76,,96110,gas
nharnos@nam-zim.com,apartment,628,75,74,84767,"electric,gas"
nharoldson@warephase.com,house,1382,76,,46616,"electric,fuel oil"
nheintzman@mathtouch.com,apartment,1651,70,69,2124,
nheintzman@opentech.com,townhome,658,73,,35491,"electric,steam"
nhirpara@doncon.com,apartment,1463,68,70,24639,electric
nisaacs@finjob.com,house,3066,69,,77381,fuel oil
njeanty@opentech.com,apartment,574,70,75,60195,gas
njillson@betatech.com,apartment,493,69,73,4429,"electric,fuel oil"
nkarpel@treequote.com,townhome,451,72,,99705,electric
nkines@sonron.com,apartment,426,69,,65675,"gas,fuel oil"
nkines@stanredtax.com,house,1793,74,75,55407,"electric,gas"
nklang@stanredtax.com,condominium,535,75,,45775,"electric,gas,fuel oil"
nknipp@rangreen.com,apartment,90,73,72,83655,"electric,gas,fuel oil"
nkorando@codehow.com,apartment,370,73,72,12446,gas
nkorando@kan-code.com,house,605,72,74,4957,gas
nkulzer@statholdings.com,apartment,977,75,70,40004,fuel oil
nkusko@betatech.com,townhome,768,68,73,79948,steam
nlacovara@year-job.com,condominium,992,67,73,33170,gas
nlawler@scottech.com,house,2826,70,70,26679,"electric,gas"
nlayous@warephase.com,apartment,1417,70,73,14219,gas
nlayous@xx-zobam.com,house,1408,75,70,70548,"electric,gas"
nleto@goodsilron.com,townhome,654,67,73,51105,"electric,fuel oil"
nlietz@bioholding.com,house,2870,75,,84056,
nlimmel@mathtouch.com,townhome,652,70,,78411,"electric,gas,fuel oil"
nloader@kinnamplus.com,apartment,1868,77,74,31092,"electric,gas"
nlukasik@scottech.com,apartment,74,75,75,37149,electric
nmaillard@singletechno.com,house,541,69,,4775,fuel oil
nmaillard@zencorporation.com,apartment,72,75,,77070,"electric,gas"
nmallett@rantouch.com,townhome,1846,67,76,35449,steam
nmalvin@hatfan.com,townhome,255,64,68,72826,
nmarrier@ontomedia.com,apartment,700,72,73,15845,gas
nmatuszak@golddex.com,house,2080,71,,57754,"electric,gas,fuel oil"
nmaynerich@funholding.com,apartment,312,72,,22216,electric
nmcdoniel@sumace.com,house,133,72,74,78553,
nmcrae@xx-holding.com,house,1161,74,,70048,fuel oil
nmiceli@green-plus.com,house,935,78,74,27503,electric
nmontezuma@iselectrics.com,apartment,1231,71,75,910,fuel oil
nmontezuma@mathtouch.com,house,2017,,70,2346,gas
nnestle@zoomit.com,apartment,372,,73,17372,
nnicolozakes@hottechi.com,house,965,68,73,92706,electric
nnunlee@plusstrip.com,condominium,1302,76,75,95601,"gas,steam"
nohms@golddex.com,mobile home,249,71,72,48151,gas
nparlato@goodsilron.com,condominium,2485,68,,58067,electric
nparvis@donquadtech.com,apartment,939,72,,52660,fuel oil
npaulas@donware.com,apartment,953,72,74,55333,gas
nperin@bioholding.com,apartment,1003,68,74,15219,
nplumer@finhigh.com,house,2014,70,74,31208,"electric,gas"
nreiber@konex.com,house,1646,66,72,19554,electric
nriden@iselectrics.com,condominium,1602,,75,47932,gas
nryser@rangreen.com,house,670,76,75,93761,"electric,gas"
nryser@scotfind.com,townhome,1567,,74,96048,electric
nschmaltz@betatech.com,mobile home,394,67,73,4354,"gas,steam"
nschmierer@zencorporation.com,townhome,583,68,72,63785,"electric,gas"
nscriven@kan-code.com,house,3284,71,73,50339,electric
nsetter@plusstrip.com,mobile home,684,65,73,3244,"electric,gas"
nshields@j-texon.com,apartment,871,73,,57118,"electric,gas"
nshinko@iselectrics.com,house,1617,69,73,24407,"electric,gas,fuel oil"
nshinko@y-corporation.com,house,1481,72,,73463,
nsimilton@kan-code.com,house,1257,72,75,13135,"electric,fuel oil"
nspringe@conecom.com,house,800,77,73,56653,electric
nstaback@donware.com,house,976,74,74,38367,"electric,gas,fuel oil"
nstenseth@scottech.com,apartment,936,72,71,14441,electric
nswayze@rantouch.com,house,171,70,,28521,
nsweely@isdom.com,house,1394,73,73,4901,"gas,steam,fuel oil"
nsyrop@finhigh.com,apartment,571,70,69,45786,electric
nvanheusen@rangreen.com,townhome,972,72,76,36922,electric
nventura@domzoom.com,apartment,1012,74,,10101,gas
nvocelka@scottech.com,condominium,2117,75,,94624,electric
nwalthall@donquadtech.com,house,1430,76,72,53221,electric
nwalthall@openlane.com,house,1565,71,75,46945,"electric,fuel oil"
nweight@faxquote.com,house,734,72,71,11716,
nweight@stanredtax.com,townhome,2949,71,,85941,
nwiklund@groovestreet.com,apartment,88,75,69,13632,"electric,gas"
nwildfong@conecom.com,apartment,1369,69,,21811,"electric,gas"
nwolfgramm@betasoloin.com,mobile home,286,74,,25434,"electric,fuel oil"
nwolny@plussunin.com,apartment,863,69,,89409,electric
nzane@faxquote.com,condominium,1369,72,75,61132,fuel oil
nzepp@stanredtax.com,apartment,1060,74,70,49778,
oblunk@statholdings.com,house,687,76,74,58643,gas
obuvens@nam-zim.com,mobile home,34,76,,2201,electric
ocork@yearin.com,apartment,959,72,,20576,electric
ocryer@xx-zobam.com,condominium,559,71,69,92337,gas
odinos@betatech.com,condominium,1607,65,71,94939,
oeroman@donware.com,condominium,1262,71,73,37681,
ohoogland@betasoloin.com,apartment,174,76,72,50606,electric
ohudnall@ron-tech.com,condominium,1146,75,74,51366,
ohusser@codehow.com,apartment,176,,72,34948,electric
oloder@dambase.com,house,1484,68,72,22847,"electric,gas"
olorens@dambase.com,condominium,410,67,73,92807,"gas,steam"
omaclead@kinnamplus.com,apartment,836,76,76,70522,electric
omenter@dambase.com,apartment,1068,70,73,37745,steam
oostolaza@zencorporation.com,apartment,1025,71,,95366,"electric,gas"
opaa@codehow.com,house,1555,69,70,26533,
opaa@year-job.com,house,1746,75,,72908,electric
opaulas@conecom.com,house,1596,69,74,48747,
oplumer@sumace.com,apartment,1012,70,76,57349,"electric,gas"
oregusters@openlane.com,apartment,646,71,72,84636,electric
oryser@rantouch.com,apartment,1550,72,71,95206,"electric,gas"
osamu@sunnamplex.com,townhome,601,,,43086,"electric,gas"
oschemmer@opentech.com,mobile home,388,73,73,78211,electric
ostaback@nam-zim.com,townhome,737,,,26321,"electric,gas"
ostockham@y-corporation.com,house,2594,67,75,60628,gas
owaymire@ganjaflex.com,apartment,469,65,,49817,"gas,fuel oil"
owrinkles@goodsilron.com,mobile home,125,,73,3769,"electric,gas"
oyglesias@stanredtax.com,apartment,1165,76,,97844,
oyori@green-plus.com,house,2251,68,74,85218,"electric,gas"
pacey@funholding.com,apartment,165,74,70,98235,electric
paquas@newex.com,house,2092,71,71,51559,"gas,steam"
parceo@stanredtax.com,apartment,967,74,,47983,"electric,gas"
paredondo@opentech.com,house,753,73,,14842,
pauffrey@dontechi.com,apartment,1287,76,71,45651,"electric,gas,fuel oil"
pbaltimore@newex.com,townhome,172,77,71,91125,gas
pbilden@openlane.com,house,782,72,74,63047,
pbookamer@donware.com,house,985,67,,70527,gas
pbreland@hatfan.com,house,1264,75,,23223,gas
pcalvaresi@bioholding.com,house,109,76,,33149,electric
pcalvaresi@inity.com,condominium,160,73,,32956,gas
pcastros@rangreen.com,condominium,44,68,71,32912,"electric,fuel oil"
pcaudy@streethex.com,house,1316,76,71,34276,"electric,gas"
pcookey@zoomit.com,mobile home,253,74,,92256,
pcousey@donquadtech.com,apartment,64,73,72,97004,electric
pdallen@green-plus.com,apartment,1418,69,,10027,"electric,gas,fuel oil"
peanes@dalttechnology.com,apartment,422,74,,62413,"electric,gas"
pehmann@conecom.com,apartment,975,73,,10259,gas
pennaco@doncon.com,mobile home,621,71,,57585,
peschberger@groovestreet.com,apartment,1413,71,75,26562,"electric,gas"
pferrario@blackzim.com,house,1132,74,76,23691,electric
pfillingim@dambase.com,house,711,73,72,22989,"electric,gas,fuel oil"
pfishburne@betatech.com,apartment,462,74,73,11103,"electric,gas"
pfortino@nam-zim.com,condominium,803,73,,98039,
pgalam@condax.com,apartment,1006,74,73,57022,electric
pgellinger@plexzap.com,house,1265,68,71,32824,
pgleich@domzoom.com,condominium,917,74,75,82712,"electric,gas,steam"
phamilton@domzoom.com,apartment,464,73,72,22742,"electric,fuel oil"
phanafan@rangreen.com,apartment,431,75,72,28512,
phaufler@hottechi.com,apartment,889,69,72,20912,electric
phirpara@rangreen.com,apartment,1441,73,69,6167,
phoffis@kan-code.com,apartment,949,73,,25871,
phoopengardner@blackzim.com,house,770,75,73,12469,gas
pisenhower@blackzim.com,condominium,1354,74,73,38232,
piturbide@green-plus.com,apartment,683,75,76,70752,
pkarpel@ron-tech.com,house,168,77,73,15685,gas
pkeetch@green-plus.com,apartment,156,74,75,49895,gas
pkippley@y-corporation.com,condominium,1392,70,,25109,
pkitzman@y-corporation.com,house,610,67,72,61756,electric
pkolmetz@dontechi.com,townhome,1638,75,72,43915,gas
pkoppinger@green-plus.com,apartment,984,72,75,95357,"electric,gas,steam"
pkulzer@ganjaflex.com,apartment,405,73,73,30441,"electric,gas"
placovara@silis.com,house,688,,72,94291,electric
plary@fasehatice.com,apartment,726,69,72,95860,
plimmel@plussunin.com,house,3529,76,76,39532,"electric,gas"
plother@xx-holding.com,apartment,858,69,72,93517,"electric,steam"
pmai@hottechi.com,townhome,1235,,,69355,electric
pmaillard@scotfind.com,house,2096,,73,58337,"electric,gas"
pmaynerich@dontechi.com,apartment,746,,72,69331,gas
pmclaird@streethex.com,townhome,1420,,,39177,gas
pmclaird@sumace.com,townhome,759,72,74,98224,gas
pmeinerding@konex.com,townhome,1583,69,75,76934,electric
pmerced@plussunin.com,house,2810,75,74,79066,"electric,gas,fuel oil"
pmeteer@funholding.com,house,1519,69,72,44068,electric
pmirafuentes@ron-tech.com,townhome,1066,70,73,90312,gas
pnestle@cancity.com,house,626,76,,5001,electric
pnunlee@sumace.com,house,650,69,,80612,electric
pparlato@iselectrics.com,mobile home,666,72,,41410,fuel oil
ppatak@plussunin.com,apartment,482,,,48640,electric
pperez@rangreen.com,house,1643,71,71,93109,"electric,gas"
pperez@statholdings.com,apartment,960,71,74,21270,
ppolidori@golddex.com,house,1579,71,72,62514,"electric,gas"
pradde@bioholding.com,townhome,841,71,,38603,"electric,gas"
prentfro@singletechno.com,townhome,1851,,73,32886,electric
prestrepo@lexiqvolax.com,apartment,828,69,70,95156,fuel oil
prhymes@domzoom.com,condominium,107,77,76,97414,"electric,gas"
prowling@y-corporation.com,house,73,69,75,17750,"electric,fuel oil"
psamara@xx-holding.com,townhome,661,70,74,42721,gas
psarbacher@scotfind.com,house,1352,65,75,81152,steam
psawchuk@j-texon.com,townhome,637,71,72,20637,
pschoeneck@hatfan.com,house,614,74,74,77393,electric
psergi@silis.com,house,1654,67,72,67674,gas
psilvestrini@labdrill.com,apartment,1338,71,,99702,fuel oil
psilvestrini@xx-zobam.com,apartment,846,,,85707,gas
pstaback@goodsilron.com,apartment,403,,,18102,"electric,gas"
ptawil@plusstrip.com,apartment,565,70,72,66747,"electric,fuel oil"
ptheodorov@codehow.com,house,1689,,,41812,"electric,gas"
pvarriano@xx-holding.com,townhome,1683,,72,37010,"electric,gas,steam"
pwaycott@zathunicon.com,house,602,74,72,64505,electric
pweight@warephase.com,house,1100,,,22664,"electric,gas,fuel oil"
pwenner@plexzap.com,house,826,69,,67628,"gas,steam,fuel oil"
pwesterbeck@funholding.com,apartment,399,76,74,98832,gas
pzagen@sunnamplex.com,apartment,2254,,73,87007,
pzurcher@faxquote.com,house,1303,76,71,76930,gas
pzurcher@xx-holding.com,townhome,501,69,,90294,"electric,fuel oil"
qdiestel@mathtouch.com,house,798,70,70,12922,"electric,gas"
qdilliard@finhigh.com,apartment,1219,76,,74471,electric
qfallick@fasehatice.com,townhome,1779,72,,84634,gas
qflosi@domzoom.com,apartment,2994,76,73,46243,electric
qfortino@plusstrip.com,house,824,66,71,19475,"electric,gas,fuel oil"
qhagele@dalttechnology.com,house,1244,68,,6467,
qharnos@condax.com,townhome,735,71,,60109,"gas,fuel oil"
qiturbide@fasehatice.com,apartment,518,69,72,90662,steam
qjurney@bioholding.com,apartment,1110,73,72,8862,"electric,gas"
qkiel@streethex.com,house,4723,67,,99204,
qkippley@j-texon.com,apartment,451,71,,54139,"electric,gas"
qlother@plussunin.com,apartment,388,71,72,99729,
qlouissant@sumace.com,condominium,67,76,,28564,
qmcrae@domzoom.com,apartment,823,70,74,31718,gas
qneither@domzoom.com,house,2420,73,,75711,electric
qpapasergi@stanredtax.com,apartment,2238,74,,48855,gas
qschmierer@hatfan.com,house,994,76,71,16685,
qstaback@hatfan.com,condominium,1485,,,29926,
qzepp@ganjaflex.com,house,3020,69,74,43787,"electric,gas"
rabdallah@donquadtech.com,mobile home,815,70,,4048,electric
racey@yearin.com,house,2572,,,22742,"electric,gas"
rahle@bioholding.com,condominium,672,74,68,41083,gas
ralbares@nam-zim.com,apartment,696,76,,13626,"electric,gas"
ralbares@y-corporation.com,apartment,1169,68,,66402,electric
ramyot@isdom.com,townhome,1737,68,69,63061,"electric,steam,fuel oil"
rankeny@nam-zim.com,townhome,685,78,75,55145,fuel oil
rarceo@blackzim.com,townhome,832,77,73,1256,
raredondo@faxquote.com,house,746,66,75,19001,
raredondo@labdrill.com,apartment,982,74,,96774,electric
raredondo@statholdings.com,apartment,67,,74,15038,
raredondo@toughzap.com,townhome,108,72,74,62260,electric
rauber@konex.com,apartment,959,72,68,33586,"electric,gas"
rauffrey@plussunin.com,house,728,76,73,70149,gas
rbachman@sumace.com,condominium,1841,69,,88518,
rbarfield@rundofase.com,apartment,45,,,77072,fuel oil
rbatman@streethex.com,townhome,1164,73,76,41216,"electric,gas"
rbenimadho@rangreen.com,house,1973,72,72,87046,gas
rbergesen@kinnamplus.com,townhome,1680,76,75,76070,"electric,gas"
rbergesen@singletechno.com,house,686,66,,11422,
rberray@dontechi.com,condominium,1137,76,,66112,"gas,fuel oil"
rbevelacqua@betatech.com,townhome,1331,69,,63881,"electric,steam,fuel oil"
rbevelacqua@sumace.com,house,643,69,72,42020,"electric,gas"
rbiddy@konmatfix.com,house,2333,,,43566,gas
rbiddy@plexzap.com,house,735,75,72,53783,
rbiddy@zathunicon.com,house,129,68,72,15617,electric
rbirkner@plusstrip.com,condominium,1235,68,75,26524,electric
rbirkner@scottech.com,house,747,,73,52338,"electric,gas,steam"
rblackwood@zumgoity.com,townhome,1614,,71,99684,"electric,gas,steam"
rbolognia@finhigh.com,condominium,2634,70,74,75440,electric
rborgman@toughzap.com,mobile home,176,72,71,44905,
rbowley@rangreen.com,townhome,1114,,72,67047,fuel oil
rbrachle@betasoloin.com,apartment,1063,75,73,1009,electric
rbreland@faxquote.com,apartment,1711,76,72,68759,electric
rbriddick@donware.com,house,623,76,69,53268,gas
rbrideau@iselectrics.com,townhome,1135,75,69,44072,gas
rbrideau@j-texon.com,house,731,67,,78768,electric
rbrideau@y-corporation.com,house,1814,,,20758,"gas,fuel oil"
rbrossart@gogozoom.com,townhome,2109,,,98035,electric
rbrucato@faxquote.com,house,280,76,75,39901,
rbrucato@sonron.com,apartment,1549,71,73,2802,electric
rbrucato@streethex.com,townhome,2235,77,72,53589,"electric,gas"
rbrucato@toughzap.com,apartment,1038,71,69,77060,"electric,gas"
rbubash@scotfind.com,house,1353,73,70,23062,"electric,gas"
rbuvens@codehow.com,townhome,756,,,60021,electric
rbuvens@dalttechnology.com,house,1387,74,72,72366,gas
rcallaro@groovestreet.com,condominium,1350,76,,45052,steam
rcandlish@treequote.com,house,1031,,74,61107,electric
rcantres@silis.com,house,5033,72,73,66636,electric
rcantres@sonron.com,apartment,1148,72,74,67512,gas
rcartan@opentech.com,mobile home,471,70,75,58782,"electric,gas"
rcentini@bioplex.com,house,1571,69,73,20310,electric
rchaffins@condax.com,condominium,793,68,74,63964,gas
rchavous@dontechi.com,apartment,361,72,74,20534,
rchickering@gogozoom.com,house,1688,75,75,58351,gas
rchickering@rantouch.com,condominium,402,76,,83001,
rcorrio@newex.com,apartment,434,72,73,74355,electric
rcousey@dontechi.com,condominium,49,75,,79430,steam
rcoyier@finhigh.com,apartment,742,75,73,7938,"gas,fuel oil"
rcronauer@newex.com,house,1635,72,70,59745,electric
rcrupi@condax.com,apartment,1470,,71,37642,electric
rcrupi@sunnamplex.com,house,881,,71,32060,"electric,gas"
rdemesa@finjob.com,apartment,1108,69,72,62336,electric
rdenooyer@hatfan.com,apartment,1177,67,73,98448,gas
rdenooyer@openlane.com,house,2651,74,,27695,"gas,steam"
rdenooyer@plexzap.com,condominium,1725,,72,48049,"electric,gas"
rdenooyer@rundofase.com,house,732,76,,8253,gas
rdevreese@yearin.com,house,1245,76,,59064,gas
rdewar@j-texon.com,apartment,1160,71,,48857,fuel oil
rdhamer@golddex.com,condominium,1438,73,72,58763,electric
rdickerson@blackzim.com,apartment,527,72,,42786,
rdickerson@groovestreet.com,house,3174,72,74,48859,"electric,gas,fuel oil"
rdilliard@year-job.com,house,207,65,72,56350,
rdinos@scotfind.com,mobile home,210,64,72,24448,"electric,gas,fuel oil"
rdorshorst@labdrill.com,apartment,912,70,75,85610,gas
rdrymon@gogozoom.com,apartment,477,72,75,54017,"electric,fuel oil"
reanes@toughzap.com,apartment,1114,72,,51546,"electric,gas"
rehmann@bioholding.com,house,1871,65,,1741,"electric,fuel oil"
rehmann@fasehatice.com,townhome,2229,,76,95050,"electric,gas,fuel oil"
remigh@condax.com,apartment,476,74,,68869,"electric,gas"
remigh@treequote.com,condominium,2067,76,,92407,fuel oil
rennaco@bioholding.com,apartment,1364,76,71,87011,"electric,gas"
reroman@y-corporation.com,house,1177,70,75,94820,"electric,fuel oil"
reschberger@streethex.com,house,1324,66,,37376,electric
rfeichtner@betasoloin.com,house,109,65,,40324,
rfeichtner@zotware.com,house,1342,70,,63557,electric
rfelger@dambase.com,house,1977,73,70,34451,"electric,gas"
rfern@iselectrics.com,condominium,1156,73,,15628,"electric,gas"
rfigeroa@streethex.com,townhome,1122,,,17859,
rfillingim@konex.com,house,2030,73,75,7090,"electric,gas,steam"
rflister@fasehatice.com,house,2637,,73,62856,
rfoller@faxquote.com,townhome,537,70,,86551,"electric,gas"
rfrancescon@dambase.com,townhome,64,72,69,81079,"electric,gas"
rfrankel@cancity.com,apartment,57,70,72,47024,electric
rfrey@condax.com,house,782,,74,56313,electric
rgabisi@fasehatice.com,apartment,87,76,73,72613,electric
rgalam@labdrill.com,townhome,512,74,,30428,
rgarufi@xx-holding.com,house,76,78,,2127,gas
rgehrett@konex.com,house,639,73,72,56035,
rgellinger@stanredtax.com,house,1696,71,,6776,
rgellinger@sunnamplex.com,apartment,562,73,73,11794,"electric,fuel oil"
rgesick@kan-code.com,condominium,480,70,,48610,"electric,gas"
rgibes@finhigh.com,house,1351,75,,84910,
rgibes@opentech.com,apartment,1778,72,,43920,electric
rglick@xx-zobam.com,apartment,398,70,,3060,"electric,gas"
rgochal@hottechi.com,apartment,2370,75,71,21672,"electric,gas"
rgood@labdrill.com,apartment,49,68,,67543,gas
rgood@nam-zim.com,townhome,2912,,,44035,"electric,gas"
rhalter@ganjaflex.com,townhome,740,70,71,24818,"electric,gas"
rhalter@konmatfix.com,house,1264,68,,33432,"gas,steam"
rhanafan@ontomedia.com,apartment,744,76,73,606,gas
rharnos@lexiqvolax.com,house,925,76,70,70165,
rharoldson@labdrill.com,apartment,891,74,,44331,gas
rharoldson@plexzap.com,house,1273,73,72,91606,
rharoldson@yearin.com,house,1971,,74,19941,electric
rhauenstein@rangreen.com,mobile home,370,68,76,85211,
rhaufler@faxquote.com,apartment,741,70,,25423,"electric,steam"
rhaufler@ron-tech.com,townhome,1899,71,72,1702,"electric,gas,steam"
rhaufler@sonron.com,apartment,407,75,,96786,steam
rhaufler@stanredtax.com,apartment,609,65,,49501,fuel oil
rheimann@konex.com,house,1355,,,83286,"electric,steam"
rheintzman@silis.com,house,689,69,76,50950,gas
rhengel@yearin.com,house,215,73,,72629,electric
rhiatt@warephase.com,apartment,1052,68,,91401,"electric,gas"
rhiatt@zathunicon.com,apartment,771,71,72,78349,gas
rhirpara@newex.com,townhome,686,73,72,917,
rhochard@plussunin.com,house,1602,71,75,52233,gas
rhollack@labdrill.com,condominium,1485,74,72,14214,
rhoogland@hottechi.com,mobile home,192,68,,90037,"electric,gas"
rhughey@zoomit.com,mobile home,156,68,76,76538,"electric,gas"
rinouye@betasoloin.com,townhome,132,68,72,63431,"gas,fuel oil"
rinouye@rundofase.com,townhome,2508,69,75,4541,"electric,steam"
rjacobos@sunnamplex.com,condominium,1421,68,,47465,"electric,gas,fuel oil"
rjayson@scottech.com,house,1809,70,,38960,"electric,steam"
rjulia@streethex.com,house,827,74,,47136,fuel oil
rjuvera@xx-holding.com,house,999,71,69,95433,
rkaniecki@openlane.com,apartment,366,73,73,20876,electric
rkeneipp@konex.com,apartment,996,74,71,71434,
rketelsen@j-texon.com,apartment,45,76,72,91759,
rkippley@y-corporation.com,apartment,1105,75,72,46410,"gas,fuel oil"
rkippley@zotware.com,house,1949,68,,68461,"electric,fuel oil"
rklang@rangreen.com,townhome,997,74,,79768,"electric,steam"
rkoppinger@newex.com,house,3398,74,70,10914,"electric,gas"
rkulzer@golddex.com,apartment,1003,67,69,83542,"electric,gas"
rkusko@finhigh.com,townhome,131,68,74,52219,
rlacovara@green-plus.com,apartment,1393,72,,16215,
rlary@iselectrics.com,house,1280,74,,77027,gas
rlary@j-texon.com,apartment,1199,,76,12481,"electric,gas"
rlawler@conecom.com,apartment,767,,,18616,electric
rlawler@lexiqvolax.com,house,124,76,71,78953,electric
rlayous@conecom.com,apartment,753,,70,36505,
rleto@cancity.com,house,707,73,75,29831,electric
rlietz@betatech.com,apartment,898,70,74,48073,"electric,steam"
rlietz@donquadtech.com,mobile home,49,69,69,77661,"gas,fuel oil"
rlietz@isdom.com,condominium,2253,76,73,50590,"electric,gas"
rlietz@nam-zim.com,house,465,74,,51008,electric
rlietz@statholdings.com,house,1503,69,75,95173,"electric,gas"
rlimmel@singletechno.com,apartment,1268,76,70,54110,
rlinahan@betasoloin.com,townhome,1451,75,,26591,"gas,steam"
rlindall@ron-tech.com,house,2052,74,,54858,electric
rlizama@zotware.com,apartment,1381,74,72,6062,gas
rlungren@conecom.com,apartment,367,70,,64682,electric
rmai@kinnamplus.com,apartment,1188,78,,19052,"gas,steam"
rmalet@toughzap.com,apartment,525,74,75,58479,"electric,gas"
rmallett@rantouch.com,apartment,77,71,69,44044,
rmalvin@betatech.com,townhome,639,71,71,34477,electric
rmarrier@treequote.com,mobile home,191,76,,4863,
rmartabano@plexzap.com,apartment,2424,71,73,30263,gas
rmccullan@ontomedia.com,townhome,545,76,71,24101,"electric,gas"
rmconnell@conecom.com,house,2348,,,78229,
rmeinerding@toughzap.com,house,2097,69,68,60434,electric
rmenter@inity.com,condominium,1820,,72,97491,electric
rmerced@doncon.com,house,2205,76,70,49088,electric
rmerced@kinnamplus.com,townhome,944,68,69,78739,fuel oil
rmonarrez@lexiqvolax.com,house,1066,75,,56123,fuel oil
rmonarrez@sonron.com,condominium,2366,,75,49322,"gas,fuel oil"
rmonterrubio@funholding.com,mobile home,198,73,,74536,electric
rmonterrubio@iselectrics.com,mobile home,244,,73,30641,
rmorocco@donquadtech.com,house,2050,,72,77252,"electric,fuel oil"
rmunns@streethex.com,apartment,1204,71,,38146,"electric,gas"
rnachor@ron-tech.com,townhome,790,76,,73644,electric
rnayar@iselectrics.com,house,1834,76,,54886,electric
rnestle@rundofase.com,townhome,2729,68,,57644,gas
rnestle@scotfind.com,house,1539,73,,94971,"electric,gas"
rnunlee@labdrill.com,house,1696,76,75,19426,
rogg@ontomedia.com,townhome,1272,69,71,29716,"electric,gas"
roldroyd@fasehatice.com,house,1052,65,71,43756,"electric,gas"
rostolaza@finjob.com,condominium,1446,75,,37242,"electric,gas"
rostrosky@stanredtax.com,apartment,498,69,69,46988,
rpaa@mathtouch.com,condominium,1138,72,71,25711,gas
rpadilla@plusstrip.com,house,1101,72,70,18021,electric
rpagliuca@bioplex.com,apartment,272,73,,47344,"electric,gas"
rpagliuca@j-texon.com,townhome,1157,69,,68781,"electric,gas"
rpagliuca@konmatfix.com,apartment,469,76,71,6109,steam
rpapasergi@labdrill.com,condominium,978,72,76,70640,
rpaskin@silis.com,townhome,3505,70,,45631,fuel oil
rpaulas@statholdings.com,mobile home,19,72,76,85230,"electric,gas"
rpelkowski@golddex.com,apartment,1190,68,73,29938,electric
rperin@codehow.com,house,1383,,72,45329,gas
rperin@scottech.com,house,2621,75,68,63139,
rperruzza@green-plus.com,apartment,712,,72,20557,electric
rpoquette@bioholding.com,house,719,71,72,49746,"electric,gas"
rpugh@gogozoom.com,apartment,1402,66,72,75470,gas
rragel@bioholding.com,townhome,1220,70,70,1541,gas
rragel@dalttechnology.com,apartment,372,70,,77217,electric
rragel@silis.com,townhome,1253,,74,19958,"electric,gas"
rrhoden@scottech.com,apartment,718,69,75,77070,"electric,gas"
rrhoden@y-corporation.com,apartment,1231,69,73,87417,
rrhoden@zoomit.com,house,988,75,72,43356,"electric,steam"
rrhym@ontomedia.com,apartment,870,69,,10705,"electric,steam"
rriopelle@silis.com,house,1319,,70,99580,gas
rrodeigues@toughzap.com,apartment,861,72,,93457,gas
rrodenberger@statholdings.com,house,936,71,74,85641,"electric,steam"
rrulapaugh@xx-holding.com,apartment,689,,75,64014,
rsaras@condax.com,house,824,71,,1821,electric
rsawchuk@green-plus.com,apartment,498,73,69,29151,"electric,gas,steam"
rsawchuk@openlane.com,townhome,1879,72,69,69154,steam
rschemmer@ganjaflex.com,apartment,135,75,74,99506,electric
rscheyer@scotfind.com,house,675,72,69,28657,"electric,gas"
rschieler@donware.com,house,775,,70,6250,"electric,gas"
rscipione@codehow.com,house,1296,74,75,75418,electric
rscriven@isdom.com,house,650,73,73,99694,"gas,steam"
rshadrick@ron-tech.com,house,794,70,,95838,"electric,gas,fuel oil"
rshin@golddex.com,apartment,1151,75,72,38328,
rsilvestrini@hatfan.com,apartment,704,71,71,73642,"electric,gas,steam,fuel oil"
rskulski@dontechi.com,apartment,437,64,73,98599,"electric,gas"
rstaback@faxquote.com,mobile home,166,71,74,92316,"electric,gas,steam,fuel oil"
rsteffensmeier@xx-holding.com,house,2064,69,69,32508,steam
rsteier@labdrill.com,house,1164,72,72,10308,electric
rstem@inity.com,house,1300,,71,80302,
rstenseth@j-texon.com,house,934,68,70,92354,electric
rstoltzman@j-texon.com,apartment,885,67,,20866,"steam,fuel oil"
rstoltzman@y-corporation.com,townhome,1277,69,70,15423,
rstorment@yearin.com,townhome,120,,71,44816,gas
rstrassner@goodsilron.com,condominium,584,,,80329,fuel oil
rstuer@bioplex.com,house,3065,72,71,33911,
rstuer@zumgoity.com,house,2283,70,74,91214,
rsturiale@funholding.com,apartment,748,69,,43013,electric
rsturiale@y-corporation.com,apartment,1308,76,74,39480,"electric,fuel oil"
rsuell@y-corporation.com,apartment,670,77,,21529,
rsuffield@faxquote.com,apartment,43,74,75,45317,
rswayze@conecom.com,house,1527,72,,20544,electric
rswayze@fasehatice.com,apartment,884,74,73,42402,"electric,gas"
rsweely@zoomit.com,mobile home,322,75,68,17872,
rtegarden@scottech.com,townhome,881,76,74,48153,gas
rtegarden@silis.com,apartment,819,70,70,32147,"electric,gas"
rtheodorov@openlane.com,apartment,1374,,73,2861,fuel oil
rtheodorov@streethex.com,house,1509,,73,49126,"electric,gas"
rtillotson@doncon.com,apartment,517,,74,16018,"electric,fuel oil"
rtimenez@plexzap.com,condominium,710,,72,52332,"electric,gas"
rtoelkes@konmatfix.com,apartment,133,68,,37887,electric
rtolfree@finjob.com,townhome,721,74,,92709,fuel oil
rtomblin@faxquote.com,house,1376,70,72,18701,
rtoyama@dontechi.com,townhome,1575,,,57262,"electric,gas"
rtromblay@yearin.com,apartment,440,72,74,29071,
rvanausdal@lexiqvolax.com,apartment,952,66,,41397,"electric,gas"
rvanausdal@toughzap.com,house,1451,75,73,84322,steam
rvanheusen@cancity.com,house,1295,76,,44033,"electric,gas"
rvarriano@betasoloin.com,apartment,779,75,74,45145,"electric,fuel oil"
rventura@condax.com,townhome,1754,68,72,18631,fuel oil
rvinning@gogozoom.com,house,2182,76,72,52650,
rvonasek@groovestreet.com,apartment,606,68,72,40256,"electric,gas"
rvonasek@newex.com,house,2288,76,75,39302,gas
rvonasek@sumace.com,apartment,767,67,76,60037,
rwalthall@gogozoom.com,house,1461,71,73,13698,
rwaycott@j-texon.com,townhome,871,71,70,79565,fuel oil
rwenzinger@zathunicon.com,house,1134,74,72,31303,"electric,fuel oil"
rwhobrey@hottechi.com,condominium,655,75,74,64121,electric
rwhobrey@nam-zim.com,apartment,135,,74,984,electric
rwitten@nam-zim.com,condominium,1183,77,75,93645,
rwolfgramm@nam-zim.com,house,1404,,,22514,fuel oil
rwolny@funholding.com,house,1723,,,12729,"electric,gas,fuel oil"
rworlds@singletechno.com,house,4779,70,72,16692,"electric,gas"
rworlds@zoomit.com,apartment,2997,73,,86336,"electric,gas"
ryaw@sonron.com,apartment,1039,,74,64670,"electric,gas,steam"
ryum@warephase.com,house,148,73,73,17585,fuel oil
rzane@zencorporation.com,apartment,973,,72,56533,gas
rzurcher@scotfind.com,apartment,978,,,48061,"electric,gas"
sadkin@codehow.com,condominium,883,66,69,14803,"electric,gas,fuel oil"
sadkin@ontomedia.com,house,2041,74,71,55436,
sadkin@rangreen.com,house,972,,,13415,
sagramonte@donquadtech.com,house,3566,68,,67505,gas
sagramonte@groovestreet.com,apartment,343,68,73,45255,"electric,steam"
salbares@donware.com,apartment,436,71,,20886,
samigon@labdrill.com,condominium,1035,,74,76958,"electric,gas"
sandreason@goodsilron.com,mobile home,294,73,73,3106,"electric,gas"
sandreason@scotfind.com,mobile home,448,75,73,98082,gas
sangalich@faxquote.com,house,793,70,73,1438,fuel oil
sangalich@stanredtax.com,mobile home,301,77,73,97272,electric
sasar@codehow.com,condominium,942,69,74,83223,"electric,gas"
sauber@ontomedia.com,condominium,1368,73,73,92314,
sauffrey@xx-holding.com,house,158,71,75,65634,
sbachman@xx-holding.com,townhome,953,72,71,18245,
sbarfield@kan-code.com,apartment,889,72,,61943,fuel oil
sbennick@lexiqvolax.com,house,813,,72,51343,"electric,gas,fuel oil"
sberganza@betatech.com,apartment,747,,,97042,electric
sberganza@donquadtech.com,apartment,1583,76,72,32092,"electric,gas"
sberlanga@rangreen.com,house,1249,73,75,66543,"electric,steam"
sberlanga@rantouch.com,house,1185,,,99561,gas
sberray@zotware.com,house,629,68,,16743,
sbevelacqua@konmatfix.com,apartment,1773,67,73,13691,gas
sbirkner@toughzap.com,house,1264,72,75,50587,gas
sblackwood@stanredtax.com,townhome,104,75,,83114,electric
sblunk@ganjaflex.com,apartment,1366,76,75,51467,gas
sbolognia@sunnamplex.com,townhome,1101,71,76,18109,electric
sbookamer@doncon.com,townhome,859,71,,785,
sbookamer@green-plus.com,apartment,952,78,74,57015,
sboord@doncon.com,apartment,1062,65,,4854,electric
sboulter@finhigh.com,mobile home,486,77,75,44135,electric
sbourbon@fasehatice.com,townhome,645,73,73,16925,electric
sbowley@donware.com,condominium,1331,76,76,13668,"gas,fuel oil"
sbreland@newex.com,condominium,1359,66,74,27820,"electric,gas,steam"
sbriddick@condax.com,house,259,72,,35615,
sbrucato@opentech.com,apartment,638,76,,77375,electric
sbruschke@toughzap.com,house,1740,70,72,54311,gas
sbubash@toughzap.com,house,612,70,,63860,
sbuemi@dalttechnology.com,apartment,478,69,75,61858,gas
scaldarera@treequote.com,house,2851,69,73,19547,
scanlas@warephase.com,condominium,744,71,,13141,
scartan@streethex.com,apartment,369,68,,8804,"electric,gas"
scartan@treequote.com,house,1010,69,73,77481,electric
scentini@ron-tech.com,apartment,1001,73,73,17090,"electric,gas"
schaffins@golddex.com,house,1614,,,73301,electric
schaffins@xx-holding.com,house,261,75,73,33417,gas
schesterfield@zencorporation.com,apartment,403,69,,6468,gas
scloney@konmatfix.com,house,1410,71,71,3837,
scolaizzo@dambase.com,house,916,,73,79008,"electric,gas"
scomnick@zencorporation.com,apartment,1017,70,72,77065,"electric,gas"
scookey@stanredtax.com,apartment,468,74,69,27355,"electric,gas,steam"
scork@j-texon.com,apartment,435,72,74,99790,gas
scorrington@donware.com,house,2483,69,,49895,
scorrington@goodsilron.com,apartment,864,,75,66220,electric
sdegonia@yearin.com,house,787,67,71,34428,gas
sdegroot@hatfan.com,house,1796,73,74,50361,"electric,gas"
sdeleo@betasoloin.com,house,911,72,75,72417,"electric,gas"
sdeleo@streethex.com,house,1466,70,,58540,"electric,gas"
sdeleo@xx-zobam.com,townhome,87,71,68,27613,"electric,gas"
sdemesa@dalttechnology.com,house,1599,75,,53069,electric
sdevreese@streethex.com,townhome,2648,70,76,33037,"electric,gas"
sdewar@sonron.com,house,877,72,72,43125,gas
sdhamer@fasehatice.com,house,145,69,72,62663,
sdiestel@funholding.com,condominium,1060,72,70,544,"electric,gas"
sdilello@bioplex.com,apartment,529,,72,78752,
sdopico@conecom.com,house,565,75,,12031,"electric,gas,fuel oil"
sdopico@faxquote.com,apartment,805,,,27889,gas
sdorshorst@betasoloin.com,townhome,795,70,76,53581,
sdrymon@j-texon.com,house,747,72,70,11795,gas
sduenas@cancity.com,house,1524,67,,27866,electric
sduenas@plussunin.com,house,1918,76,,1059,
sehmann@labdrill.com,apartment,1463,72,75,33146,
sehmann@treequote.com,apartment,530,69,69,73009,electric
semigh@finjob.com,condominium,1396,72,,45695,electric
sengelberg@rundofase.com,apartment,1528,70,68,23307,"steam,fuel oil"
sengelberg@sunnamplex.com,house,1614,76,74,36345,
sfallick@warephase.com,mobile home,401,75,69,76261,fuel oil
sfarrar@newex.com,condominium,797,70,72,24535,gas
sfelger@fasehatice.com,house,1720,76,72,49448,electric
sfelger@plusstrip.com,house,1346,75,76,14647,"electric,gas"
sferencz@isdom.com,condominium,959,68,,97131,gas
sferrario@dalttechnology.com,house,809,,,76004,gas
sferrario@inity.com,apartment,380,71,70,49027,gas
sfillingim@finjob.com,townhome,1208,72,,59926,electric
sflosi@goodsilron.com,townhome,1990,72,,13367,
sfrankel@fasehatice.com,townhome,2251,73,74,79401,
sfrey@openlane.com,townhome,734,69,,66115,
sfritz@scotfind.com,apartment,920,73,69,50528,electric
sfunnell@newex.com,house,1839,64,74,84201,
sgarufi@rundofase.com,apartment,392,76,,70660,"electric,gas"
sgehrett@dontechi.com,mobile home,510,70,73,92049,
sgellinger@ganjaflex.com,townhome,977,65,72,53215,gas
sgellinger@rundofase.com,house,1452,,73,90711,
sgesick@kinnamplus.com,townhome,1375,71,71,63437,gas
sgibes@rantouch.com,apartment,1709,66,,73521,electric
sgillian@silis.com,house,2102,75,,64081,"electric,gas"
sgleich@doncon.com,mobile home,336,73,74,34228,electric
sgleich@zoomit.com,apartment,164,73,73,61345,"electric,gas"
sgochal@goodsilron.com,townhome,591,68,73,78076,gas
sgoldammer@j-texon.com,house,1595,72,76,20757,gas
sgoldammer@silis.com,house,3409,,72,32080,
sgrenet@sonron.com,house,1709,73,75,20526,"electric,gas,fuel oil"
shalter@groovestreet.com,house,2300,,72,80139,electric
shalter@zathunicon.com,house,1282,68,74,53597,
shamilton@conecom.com,apartment,1062,77,68,41858,gas
sharoldson@sonron.com,townhome,976,74,72,28530,gas
sharoldson@yearin.com,apartment,991,68,73,31729,electric
sharoldson@zoomit.com,apartment,382,73,72,75205,
shauenstein@scotfind.com,house,3349,69,70,33935,"electric,gas"
shengel@konex.com,condominium,749,74,73,39635,gas
shidvegi@yearin.com,house,103,70,74,74013,electric
shirpara@betatech.com,house,2027,71,69,68128,
shirpara@cancity.com,apartment,1080,76,71,51027,electric
shochard@ganjaflex.com,townhome,1433,71,,37810,gas
shoogland@scottech.com,mobile home,531,,,27107,steam
shoopengardner@doncon.com,townhome,134,74,,56647,gas
shughey@zotware.com,house,110,,73,12301,electric
shusser@streethex.com,apartment,408,76,,738,electric
sinouye@golddex.com,house,775,74,,49876,"electric,gas,steam"
sisaacs@betatech.com,apartment,989,74,72,79910,gas
sjacobos@nam-zim.com,mobile home,327,76,,44430,"gas,fuel oil"
sjayson@ron-tech.com,townhome,646,70,73,7198,"electric,steam"
sjeanty@scotfind.com,townhome,1855,,,15331,
sjeanty@sonron.com,apartment,413,70,74,41759,"electric,gas"
sjulia@openlane.com,apartment,2434,75,73,80465,
sjurney@cancity.com,house,1228,,75,20393,gas
sjuvera@year-job.com,house,624,72,76,83719,
skaniecki@xx-zobam.com,house,2168,65,73,48215,gas
skarpin@konmatfix.com,apartment,674,71,,15213,steam
skeetch@scotfind.com,apartment,381,74,76,75364,"electric,steam"
skiel@sumace.com,townhome,1637,74,75,45298,gas
skiel@zoomit.com,house,1229,,,99549,
skines@donquadtech.com,townhome,2154,77,75,1866,gas
skines@plussunin.com,mobile home,108,71,75,61725,fuel oil
skitzman@fasehatice.com,condominium,1078,,70,74931,
skitzman@finhigh.com,house,143,69,72,4672,
sklang@conecom.com,townhome,1742,,73,75082,"electric,gas"
sklimek@golddex.com,apartment,1087,67,71,27949,fuel oil
skolmetz@rangreen.com,townhome,1284,73,74,15437,gas
skorando@codehow.com,apartment,862,76,72,5253,"gas,fuel oil"
skownacki@hatfan.com,apartment,334,,,28651,electric
slatzke@mathtouch.com,apartment,581,72,71,31751,electric
sleinenbach@plussunin.com,apartment,982,71,75,29378,gas
sleto@fasehatice.com,townhome,113,72,69,72303,electric
slinahan@toughzap.com,house,1767,72,,4273,
slindall@rundofase.com,townhome,659,67,73,35131,steam
slipke@silis.com,house,1684,70,72,75487,electric
sliukko@stanredtax.com,apartment,452,76,74,25908,
sloder@kan-code.com,apartment,755,72,,61202,
slorens@openlane.com,house,2009,73,,20733,gas
slouissant@lexiqvolax.com,house,2348,70,76,65321,"electric,gas"
sluczki@cancity.com,mobile home,461,74,75,3031,"electric,steam,fuel oil"
sluczki@codehow.com,apartment,1940,72,,20124,electric
slukasik@dontechi.com,condominium,844,66,72,33065,electric
slukasik@finjob.com,house,715,68,75,85012,
slungren@nam-zim.com,townhome,115,71,,37096,
slungren@ron-tech.com,apartment,68,73,75,87746,electric
smaclead@j-texon.com,house,204,76,76,92055,fuel oil
smaclead@plusstrip.com,mobile home,129,74,,63375,"electric,gas"
smai@newex.com,condominium,498,75,74,79013,electric
smaile@inity.com,apartment,834,71,73,33247,"electric,gas,fuel oil"
smaisto@sonron.com,apartment,1642,68,,20508,"electric,gas,fuel oil"
smalet@golddex.com,condominium,2565,73,72,62028,electric
smanno@blackzim.com,townhome,838,67,,68847,electric
smanno@sonron.com,townhome,1620,,72,16946,
smastella@condax.com,house,1860,69,,93642,"electric,gas,steam"
smauson@funholding.com,townhome,731,72,72,90631,
smauson@opentech.com,apartment,533,65,,30701,steam
smaynerich@newex.com,apartment,1299,,74,63774,electric
smcnease@inity.com,mobile home,252,69,68,66838,gas
smconnell@openlane.com,apartment,568,64,76,17527,electric
smcrae@konex.com,house,1541,75,,93670,gas
smcrae@labdrill.com,townhome,1816,72,72,52588,electric
smeinerding@domzoom.com,condominium,1012,67,73,27707,gas
smelnyk@green-plus.com,condominium,1001,72,75,30428,gas
smelnyk@isdom.com,house,635,69,,68728,electric
smelnyk@konmatfix.com,apartment,1131,71,73,56178,"steam,fuel oil"
smerced@plusstrip.com,condominium,225,73,72,33308,"electric,gas,steam"
smiro@konex.com,apartment,1447,75,70,14879,
smonarrez@blackzim.com,mobile home,243,,74,77081,gas
smonarrez@rantouch.com,townhome,1863,71,74,64834,
smonterrubio@ganjaflex.com,condominium,850,69,,99553,"electric,gas,fuel oil"
smorocco@isdom.com,house,545,76,70,15705,
smotley@newex.com,house,1658,71,,62325,electric
smulqueen@lexiqvolax.com,condominium,861,70,69,35277,fuel oil
smunns@betatech.com,townhome,1149,68,74,45820,electric
smyricks@donware.com,house,547,71,72,74825,"electric,gas"
smyricks@ganjaflex.com,apartment,346,73,73,41472,electric
snayar@plussunin.com,apartment,761,75,72,41010,fuel oil
snicka@bioholding.com,condominium,1530,71,,46534,
snicka@doncon.com,mobile home,494,75,74,82442,"electric,gas"
snicka@sunnamplex.com,house,57,73,73,77988,
snicolozakes@plussunin.com,house,1050,69,71,2802,"electric,gas,steam"
snunlee@fasehatice.com,house,1502,,75,8019,
sogg@donware.com,apartment,2433,70,72,51238,electric
sohms@betatech.com,condominium,701,74,,99652,steam
sonofrio@kinnamplus.com,townhome,1182,66,73,77431,electric
spapasergi@statholdings.com,apartment,1104,,72,98373,gas
sparlato@streethex.com,townhome,343,73,73,88022,gas
sparlato@zumgoity.com,house,1148,72,76,34154,fuel oil
spawlowicz@dambase.com,house,913,73,72,96815,gas
spedrozo@conecom.com,apartment,903,68,71,85301,"gas,steam"
sperigo@goodsilron.com,mobile home,70,,70,62438,
sperin@scottech.com,house,1085,73,75,81222,steam
sperin@silis.com,apartment,1277,68,75,20627,fuel oil
sperruzza@kinnamplus.com,apartment,1513,74,74,48040,steam
spolidori@konex.com,apartment,933,76,73,77215,electric
spolidori@year-job.com,house,1173,74,,8609,"electric,gas"
spolidori@zathunicon.com,apartment,963,72,69,15828,fuel oil
spontoriero@konex.com,apartment,2010,64,,53546,
spoquette@funholding.com,apartment,3589,73,74,36115,"electric,gas"
spoquette@green-plus.com,townhome,450,,76,58431,steam
spoullion@fasehatice.com,townhome,2097,,73,65305,
sragel@kinnamplus.com,house,1786,73,,64835,fuel oil
srauser@zathunicon.com,house,2019,,72,63373,"electric,fuel oil"
sreiber@green-plus.com,condominium,582,74,73,37069,electric
sreitler@bioholding.com,apartment,452,66,72,89125,"gas,fuel oil"
sreitler@green-plus.com,apartment,564,72,71,48611,gas
sreitler@openlane.com,house,1484,76,72,16858,gas
srentfro@fasehatice.com,apartment,861,70,73,57659,gas
srestrepo@bioplex.com,house,3433,65,69,44112,
srhymes@iselectrics.com,apartment,742,,,27853,gas
sriopelle@opentech.com,house,2028,67,74,62690,electric
srochin@kinnamplus.com,condominium,1567,72,,99621,electric
srodefer@faxquote.com,apartment,1194,74,68,45327,"gas,steam"
sruta@codehow.com,house,1263,71,73,56281,"electric,gas"
ssahagun@labdrill.com,apartment,584,75,72,93631,"electric,gas"
ssamu@plexzap.com,house,1061,70,72,22989,"electric,gas"
ssaulter@sonron.com,condominium,1145,73,73,18064,electric
ssayaphon@rangreen.com,mobile home,400,72,,57567,electric
ssaylors@j-texon.com,apartment,865,72,71,3464,
sscheyer@rangreen.com,condominium,618,71,73,37950,fuel oil
sscheyer@stanredtax.com,condominium,1345,,75,29376,
sschieler@opentech.com,condominium,1165,75,,71999,
sschmaltz@inity.com,house,1400,68,71,71675,electric
sschmaltz@ron-tech.com,apartment,1944,75,74,29901,"electric,gas"
sschmaltz@xx-holding.com,mobile home,456,75,74,2081,gas
sschmaltz@zencorporation.com,house,1398,78,,56014,electric
sschmierer@zumgoity.com,house,82,,,91715,gas
sschnitzler@sonron.com,apartment,514,74,68,65080,
sseewald@isdom.com,apartment,1165,67,73,23603,gas
ssengbusch@yearin.com,house,2798,,,92014,gas
ssergi@toughzap.com,house,631,,,41265,"electric,gas"
sshadrick@dontechi.com,apartment,712,67,76,93775,electric
sshealy@konmatfix.com,house,2148,71,71,28631,electric
sshields@isdom.com,house,580,77,72,48221,gas
sshinko@iselectrics.com,townhome,718,69,,40748,"electric,fuel oil"
sshinko@plusstrip.com,townhome,584,73,73,32612,"electric,gas"
ssilvestrini@sonron.com,house,1267,75,71,68925,
ssimilton@betatech.com,apartment,1138,,74,55751,gas
ssimilton@conecom.com,house,2700,73,73,63740,
sskursky@gogozoom.com,apartment,1791,65,,40516,"electric,gas"
sskursky@openlane.com,house,1104,73,74,71254,electric
sslayton@opentech.com,townhome,1391,71,,28375,electric
sslusarski@bioholding.com,townhome,1376,,71,99517,
sslusarski@zumgoity.com,house,1310,73,72,85250,gas
sspringe@donware.com,apartment,2448,73,,39406,"electric,fuel oil"
sstem@rangreen.com,apartment,1301,,74,56654,
sstimmel@zathunicon.com,apartment,64,76,74,75029,"electric,fuel oil"
sstrassner@year-job.com,apartment,1452,,73,61701,"electric,gas,fuel oil"
sswayze@finhigh.com,condominium,1254,73,76,29920,"electric,gas"
ssweely@funholding.com,house,1624,77,,33711,"electric,gas"
stawil@rundofase.com,apartment,924,71,75,47246,"electric,gas,steam"
stegarden@rantouch.com,house,1194,,73,4033,electric
stegarden@warephase.com,apartment,493,70,71,92239,electric
stegarden@zoomit.com,townhome,610,73,,1536,electric
stillotson@doncon.com,apartment,1036,74,73,60436,gas
stimenez@dalttechnology.com,apartment,423,72,72,65787,
stjepkema@isdom.com,house,1951,76,,30071,"electric,fuel oil"
stomasulo@rundofase.com,townhome,1542,78,72,97458,gas
stromblay@scottech.com,house,272,68,72,28250,"electric,gas,steam"
sturinetti@sumace.com,townhome,2990,69,72,8828,
sturinetti@year-job.com,apartment,822,,73,44514,gas
suyetake@plussunin.com,townhome,3263,73,71,48767,"electric,gas"
svanausdal@xx-holding.com,mobile home,31,70,74,68764,"electric,gas"
svarriano@dontechi.com,house,2437,72,72,36353,
svillanueva@year-job.com,apartment,1056,69,74,4279,"electric,gas"
svocelka@zotware.com,condominium,1120,,74,76857,fuel oil
svonasek@isdom.com,condominium,536,72,71,2056,"electric,gas"
svonasek@plussunin.com,mobile home,436,71,73,34107,
sweglarz@nam-zim.com,house,1335,74,70,56386,"electric,gas"
sweight@rundofase.com,apartment,1302,75,75,43005,gas
swesterbeck@zencorporation.com,house,1886,72,75,91496,electric
swhobrey@zumgoity.com,townhome,697,70,74,58402,electric
swieser@rundofase.com,townhome,2066,77,70,80612,electric
swildfong@lexiqvolax.com,apartment,2937,73,73,41254,"electric,gas"
swolfgramm@openlane.com,condominium,1653,77,71,47470,gas
swolfgramm@opentech.com,apartment,928,70,69,43501,gas
swolny@gogozoom.com,house,1384,,,73755,"electric,gas"
sworlds@plussunin.com,condominium,2022,70,,29373,electric
syaw@stanredtax.com,apartment,836,,73,8885,electric
syaw@statholdings.com,townhome,1382,,,4776,electric
szurcher@stanredtax.com,townhome,1274,77,72,37015,"electric,gas"
tadkin@dambase.com,townhome,674,73,73,63359,gas
tadkin@year-job.com,house,2496,65,74,73859,gas
tagramonte@cancity.com,apartment,758,73,,54303,electric
tahle@rangreen.com,house,1061,75,73,40036,gas
tahle@rundofase.com,apartment,1127,,69,5702,
talbares@donquadtech.com,condominium,548,68,,3688,"electric,steam,fuel oil"
tandreason@fasehatice.com,apartment,443,70,69,3062,gas
tarceo@sumace.com,apartment,937,74,74,96727,electric
tarias@hatfan.com,apartment,62,75,,68420,"electric,steam"
tarias@zencorporation.com,house,1200,74,,19559,electric
tauber@statholdings.com,house,1535,71,,97112,electric
tauffrey@silis.com,mobile home,337,70,71,23508,"electric,gas"
tbaltimore@dambase.com,house,1547,73,74,97114,electric
tbatman@toughzap.com,townhome,598,71,68,15334,"gas,fuel oil"
tbennick@xx-holding.com,house,1465,70,73,32765,gas
tberganza@bioplex.com,house,3558,73,72,44615,
tberlanga@opentech.com,apartment,447,73,74,79373,"gas,steam"
tberray@newex.com,apartment,739,71,73,51238,electric
tbevelacqua@iselectrics.com,house,2200,70,73,32530,
tbilden@doncon.com,house,1794,66,73,78838,electric
tbirkner@zoomit.com,house,1073,,,48442,gas
tblackwood@kan-code.com,house,87,73,73,934,gas
tblunk@warephase.com,apartment,832,75,74,10014,
tborgman@goodsilron.com,apartment,513,78,75,730,gas
tbourbon@ron-tech.com,house,582,69,72,35504,electric
tbrachle@codehow.com,apartment,1070,69,72,88410,"gas,fuel oil"
tbrachle@finhigh.com,house,655,70,75,15133,
tbrachle@plusstrip.com,condominium,1169,76,,65347,electric
tbreland@finjob.com,apartment,1067,64,69,1902,"electric,fuel oil"
tbriddick@golddex.com,condominium,1554,64,,63143,
tbriddick@warephase.com,townhome,506,68,70,85223,gas
tbrideau@fasehatice.com,apartment,937,76,,30423,steam
tbrossart@zathunicon.com,apartment,847,71,,34203,"electric,fuel oil"
tbrucato@betasoloin.com,house,114,64,75,86361,"electric,steam"
tbrucato@singletechno.com,house,1336,,69,2401,fuel oil
tbubash@year-job.com,apartment,478,,,95865,"electric,gas"
tbuvens@green-plus.com,house,1455,69,73,23119,gas
tcaiafa@goodsilron.com,apartment,1256,74,75,19814,electric
tcampain@inity.com,apartment,439,72,71,30823,
tcandlish@dalttechnology.com,house,855,68,70,18938,electric
tcantres@opentech.com,townhome,531,,73,652,fuel oil
tcaudy@conecom.com,townhome,1661,71,75,20711,
tcaudy@finjob.com,apartment,1217,70,71,59807,fuel oil
tcaudy@plexzap.com,mobile home,274,,,95715,gas
tcetta@fasehatice.com,apartment,171,75,73,2822,
tchaffins@konex.com,house,1435,72,73,40481,fuel oil
tchaffins@lexiqvolax.com,apartment,811,71,74,11417,steam
tchaffins@singletechno.com,apartment,401,68,,37186,gas
tchaffins@statholdings.com,apartment,836,73,73,91010,"electric,gas"
tchavous@fasehatice.com,mobile home,395,67,73,1079,electric
tclaucherty@toughzap.com,apartment,1476,76,73,50228,fuel oil
tcloney@openlane.com,house,1967,69,,29351,"electric,gas"
tcomnick@yearin.com,apartment,1291,76,72,24132,electric
tcookey@finhigh.com,apartment,847,73,74,86032,electric
tcork@bioholding.com,apartment,818,75,68,92277,
tcorrington@bioplex.com,townhome,77,78,70,15028,"electric,fuel oil"
tcorrington@y-corporation.com,house,2231,71,75,7832,"electric,gas,fuel oil"
tcoyier@treequote.com,house,621,70,69,95113,gas
tcrupi@xx-holding.com,house,746,75,,31331,
tdegonia@zotware.com,house,1504,75,74,56560,electric
tdelasancha@konex.com,condominium,3435,76,,15489,gas
tdeleo@ontomedia.com,apartment,633,68,72,74761,"electric,steam"
tdeleo@warephase.com,house,1337,72,75,77597,gas
tdevreese@plusstrip.com,house,2501,67,73,70004,"electric,fuel oil"
tdhamer@mathtouch.com,house,1886,75,72,64147,
tdhamer@ron-tech.com,apartment,702,74,75,3224,gas
tdilello@goodsilron.com,apartment,1466,71,76,12961,"electric,gas"
tdinos@mathtouch.com,apartment,492,,,31907,electric
tdinos@sonron.com,mobile home,399,76,69,53182,"electric,gas,fuel oil"
tdopico@konex.com,apartment,1625,69,75,32828,electric
tdorshorst@sunnamplex.com,house,1517,72,74,24594,"electric,gas"
tdrymon@finjob.com,apartment,505,,,56316,fuel oil
tdubaldi@green-plus.com,townhome,1833,,71,27603,"electric,gas"
teanes@plussunin.com,house,1867,73,70,91714,"electric,fuel oil"
tehmann@zathunicon.com,house,756,74,71,75163,"gas,steam,fuel oil"
temard@zotware.com,house,721,74,73,14103,electric
temigh@faxquote.com,apartment,298,64,73,72216,
tengelberg@y-corporation.com,house,1616,69,73,34233,gas
tennaco@dalttechnology.com,house,1389,68,72,84947,electric
teschberger@domzoom.com,house,663,70,73,96038,electric
tfallick@xx-zobam.com,townhome,2064,71,71,29006,"electric,steam,fuel oil"
tfarrar@betasoloin.com,house,1599,69,72,29325,
tfeichtner@goodsilron.com,house,733,75,73,72927,electric
tfelger@bioplex.com,house,637,,68,88047,
tferencz@rantouch.com,house,2062,72,72,30917,electric
tfigeroa@blackzim.com,apartment,108,64,73,39097,"electric,gas"
tfillingim@ron-tech.com,house,1378,71,71,44266,"electric,fuel oil"
tfillingim@yearin.com,townhome,1133,74,,60168,"electric,gas,steam,fuel oil"
tflosi@fasehatice.com,apartment,1058,69,73,23507,
tfoller@zencorporation.com,house,1883,74,70,32231,gas
tfrerking@sumace.com,house,3316,,,48127,
tfritz@year-job.com,apartment,667,74,,68069,"electric,fuel oil"
tgalam@doncon.com,townhome,1477,71,71,37842,electric
tgalam@kinnamplus.com,house,1306,,71,28019,fuel oil
tgehrett@ganjaflex.com,house,1083,76,70,28386,"electric,gas"
tgehrett@nam-zim.com,house,2034,69,72,62924,
tgehrett@openlane.com,mobile home,306,76,,62817,electric
tgellinger@blackzim.com,apartment,1592,73,72,80819,"electric,gas"
tgesick@green-plus.com,apartment,1705,,72,80918,"electric,gas,fuel oil"
tgesick@plusstrip.com,house,749,74,71,21748,"gas,fuel oil"
tgillaspie@funholding.com,apartment,99,77,,24852,"gas,steam"
tgillian@statholdings.com,condominium,529,75,72,22968,"electric,gas"
tglick@opentech.com,house,2757,73,73,81001,"electric,fuel oil"
tgobern@hottechi.com,apartment,842,73,70,12962,"electric,gas,fuel oil"
tgochal@gogozoom.com,townhome,597,76,73,82711,
tgotter@y-corporation.com,apartment,730,,72,92615,"electric,gas"
tgwalthney@mathtouch.com,mobile home,428,72,,32940,
thalsey@konmatfix.com,house,134,76,,74646,"gas,steam"
thalsey@y-corporation.com,apartment,624,74,72,76836,
tharnos@fasehatice.com,house,1430,73,,93226,gas
tharnos@statholdings.com,house,1611,70,72,50059,electric
tharnos@xx-holding.com,apartment,539,75,74,66716,electric
tharoldson@groovestreet.com,house,1177,75,75,95304,gas
thiatt@dalttechnology.com,house,1348,67,74,87712,electric
thirpara@finhigh.com,mobile home,194,72,74,12451,gas
thixenbaugh@plexzap.com,house,2592,76,74,31039,
thoa@faxquote.com,apartment,738,67,,58620,gas
thoffis@nam-zim.com,apartment,579,,,37917,electric
thoffis@ontomedia.com,townhome,844,68,71,47220,gas
thollack@newex.com,house,1146,73,69,74728,gas
thoopengardner@silis.com,mobile home,405,71,68,6777,electric
thoopengardner@zumgoity.com,townhome,1201,76,74,78730,"electric,gas"
thudnall@finhigh.com,apartment,867,71,74,44841,
thudnall@kan-code.com,apartment,950,,72,75782,"gas,steam"
thudnall@konex.com,apartment,996,73,74,96105,gas
thusser@condax.com,house,2020,76,73,53507,fuel oil
tinouye@mathtouch.com,house,892,73,,54206,"gas,fuel oil"
tjillson@kinnamplus.com,house,1603,68,74,80237,"electric,gas"
tjulia@plexzap.com,house,572,72,72,73624,"electric,gas"
tjulia@y-corporation.com,house,841,,72,36601,electric
tjuvera@newex.com,townhome,1127,76,73,41129,electric
tkarpin@finhigh.com,townhome,1159,76,73,65808,electric
tkarpin@konex.com,apartment,947,72,,51246,
tketelsen@goodsilron.com,apartment,391,74,74,79707,
tkiel@treequote.com,condominium,783,66,76,11740,electric
tkitty@betatech.com,apartment,1209,73,68,20042,"electric,gas"
tklusman@condax.com,house,985,78,72,33124,gas
tklusman@green-plus.com,apartment,78,72,72,16633,gas
tknipp@green-plus.com,house,2317,70,69,67029,electric
tkorando@inity.com,house,1165,70,,99761,
tkusko@xx-holding.com,house,665,72,,16865,electric
tlabreche@blackzim.com,condominium,1054,75,69,7649,"gas,fuel oil"
tlabreche@rantouch.com,mobile home,92,76,69,45734,"electric,gas"
tlabreche@warephase.com,house,920,77,,92369,
tlace@groovestreet.com,condominium,1541,76,71,44681,"electric,gas"
tlacovara@sumace.com,house,2050,75,72,78880,steam
tlatzke@zoomit.com,house,710,,72,64468,"electric,gas,fuel oil"
tlawler@funholding.com,house,752,72,74,80241,"electric,fuel oil"
tlinahan@kan-code.com,house,940,77,,93779,gas
tlinahan@plusstrip.com,townhome,673,68,,7803,electric
tlinahan@sumace.com,house,1615,78,,28236,electric
tlipke@treequote.com,apartment,1298,76,74,83525,
tlipkin@bioholding.com,house,125,73,72,77221,electric
tlukasik@cancity.com,house,2520,73,73,7059,electric
tlukasik@finhigh.com,apartment,422,76,71,79550,gas
tlungren@donquadtech.com,house,2325,69,72,88424,electric
tlungren@sunnamplex.com,apartment,626,75,73,65734,gas
tmaclead@openlane.com,apartment,1151,75,,72384,fuel oil
tmaile@zotware.com,house,3553,74,69,46680,gas
tmaillard@bioholding.com,townhome,1089,71,,6778,"electric,gas"
tmaisto@konex.com,apartment,449,,,4750,electric
tmaisto@zathunicon.com,house,1182,65,76,43260,
tmastella@zotware.com,mobile home,205,75,74,20758,"electric,gas,fuel oil"
tmccullan@zotware.com,apartment,402,68,72,96118,gas
tmcnease@finjob.com,condominium,894,75,74,59759,electric
tmcrae@isdom.com,house,1197,,73,49934,electric
tmeisel@faxquote.com,condominium,1232,65,71,47672,electric
tmelnyk@newex.com,townhome,601,72,,16745,"electric,steam"
tmenter@dalttechnology.com,house,2350,69,,24549,gas
tmodzelewski@treequote.com,mobile home,311,75,72,7027,gas
tmonarrez@bioplex.com,house,1176,73,74,64053,"electric,gas,steam"
tmonarrez@codehow.com,apartment,759,74,,79368,electric
tmondella@zathunicon.com,townhome,616,74,,25265,"electric,gas,fuel oil"
tmotley@groovestreet.com,apartment,1223,71,69,88133,electric
tmugnolo@plusstrip.com,house,1272,74,72,49930,
tmunis@betatech.com,house,1801,78,,50073,
tmunis@faxquote.com,apartment,1364,74,72,2045,electric
tnachor@domzoom.com,apartment,590,77,74,14887,"electric,gas"
tnachor@finjob.com,apartment,1062,69,69,71455,electric
tnachor@year-job.com,townhome,1038,72,73,6028,electric
tnayar@statholdings.com,house,779,74,,84153,electric
tneither@nam-zim.com,apartment,463,77,,40921,electric
tnicolozakes@kinnamplus.com,townhome,551,77,70,98154,steam
tnievas@zoomit.com,house,1449,72,74,99606,gas
tohms@statholdings.com,house,611,,73,55982,electric
toldroyd@rantouch.com,house,3932,67,,3773,"electric,gas"
toldroyd@zotware.com,house,1241,,73,51645,electric
toles@domzoom.com,apartment,462,77,70,77255,steam
tonofrio@rangreen.com,townhome,1388,71,74,98354,gas
tostolaza@donware.com,apartment,1538,73,71,22153,"electric,gas"
tpagliuca@conecom.com,apartment,987,,,26003,"electric,gas"
tpalaspas@bioplex.com,condominium,719,72,75,82630,"gas,fuel oil"
tpalaspas@cancity.com,apartment,1337,71,,60941,gas
tpalaspas@golddex.com,townhome,785,,,19544,"electric,fuel oil"
tpapasergi@zoomit.com,mobile home,265,76,75,74543,electric
tparvis@scottech.com,townhome,1569,66,70,80620,"electric,gas,steam,fuel oil"
tperin@betatech.com,apartment,890,73,72,22660,steam
tperruzza@ron-tech.com,house,3205,71,,33110,"electric,gas"
tpolidori@toughzap.com,house,628,,73,78081,"gas,fuel oil"
tpoullion@y-corporation.com,apartment,144,73,,7046,gas
tpugh@xx-holding.com,house,2336,76,,60930,"electric,gas"
tradde@j-texon.com,apartment,578,75,68,80428,
trauser@sunnamplex.com,apartment,778,,73,36701,electric
treiber@dontechi.com,apartment,927,73,,57278,electric
treiber@inity.com,apartment,1330,72,72,19533,"electric,fuel oil"
treiber@xx-holding.com,house,1326,74,69,45044,gas
trentfro@newex.com,apartment,594,,74,58277,electric
trentfro@streethex.com,apartment,673,70,,58776,gas
trestrepo@opentech.com,house,2971,70,,20470,electric
trhym@domzoom.com,apartment,77,72,75,74052,
trim@betatech.com,apartment,74,71,73,78029,
trim@green-plus.com,house,1198,66,71,64077,electric
trim@kan-code.com,mobile home,552,74,73,73448,"electric,gas"
trim@sunnamplex.com,apartment,1078,70,72,30189,"electric,gas,fuel oil"
trodeigues@yearin.com,townhome,1846,66,71,85530,"electric,fuel oil"
trodenberger@hottechi.com,condominium,574,70,75,49786,
trodenberger@ontomedia.com,apartment,1557,76,,2155,"electric,gas"
troyster@faxquote.com,apartment,398,,72,63567,
troyster@funholding.com,house,687,,73,16871,gas
troyster@stanredtax.com,apartment,856,74,,30503,gas
tsahagun@inity.com,house,776,69,73,30007,gas
tsahagun@kinnamplus.com,house,677,,,24053,
tsahagun@nam-zim.com,apartment,1050,76,,46968,"gas,steam,fuel oil"
tsaras@goodsilron.com,apartment,457,76,71,62510,electric
tsawchuk@opentech.com,apartment,470,,74,57660,"electric,fuel oil"
tschemmer@plexzap.com,house,222,74,71,38151,
tschoeneck@inity.com,apartment,375,70,,74954,electric
tsemidey@bioplex.com,condominium,923,67,71,68763,electric
tsemidey@ontomedia.com,apartment,365,72,72,97739,gas
tsengbusch@singletechno.com,house,1741,71,71,24861,steam
tsengbusch@statholdings.com,apartment,685,76,72,55717,electric
tshealy@konmatfix.com,condominium,1547,69,71,62561,
tshields@warephase.com,house,1417,74,75,63763,"electric,gas,fuel oil"
tshin@inity.com,house,1968,74,,59256,steam
tshinko@scotfind.com,apartment,866,66,,17030,steam
tskulski@golddex.com,apartment,685,74,,70823,
tskulski@openlane.com,house,1516,75,71,21244,"electric,gas,steam"
tslayton@opentech.com,apartment,857,73,72,47115,electric
tslayton@sumace.com,house,826,69,,26533,"electric,steam"
tspringe@zotware.com,apartment,1035,69,,48909,"electric,fuel oil"
tstem@rangreen.com,apartment,2859,74,76,91413,"electric,gas"
tstenseth@conecom.com,house,2955,73,70,10803,gas
tstorment@yearin.com,condominium,486,71,71,56724,
tstrassner@funholding.com,apartment,564,,76,28367,electric
tstuer@singletechno.com,house,1596,71,74,79918,electric
tsuell@finhigh.com,house,909,72,69,17943,
tsuell@rangreen.com,house,931,73,73,65260,"electric,gas"
tsuell@xx-zobam.com,house,598,70,72,65627,
tsyrop@ganjaflex.com,apartment,1670,70,,4273,"electric,gas"
tsyrop@sunnamplex.com,apartment,772,74,72,50380,"electric,gas"
ttegarden@toughzap.com,apartment,986,66,,74360,gas
ttegarden@zencorporation.com,apartment,544,,70,56442,electric
tthreets@scotfind.com,townhome,587,76,74,66773,gas
tthyberg@year-job.com,house,1666,73,,77874,
ttillotson@betasoloin.com,house,946,70,,31498,
ttoelkes@bioholding.com,house,215,67,72,29423,
ttoelkes@y-corporation.com,townhome,1276,72,72,17233,fuel oil
ttolfree@golddex.com,apartment,842,78,,74156,
ttolfree@mathtouch.com,mobile home,215,76,,95687,
ttolfree@yearin.com,condominium,634,74,74,28710,
ttomasulo@j-texon.com,mobile home,278,75,,20784,"electric,fuel oil"
ttomblin@zumgoity.com,house,244,72,75,6226,gas
ttromblay@streethex.com,house,1686,64,,85030,steam
tupthegrove@blackzim.com,house,1658,70,73,64187,"gas,fuel oil"
tvanheusen@funholding.com,house,903,72,,56446,electric
tvanheusen@j-texon.com,apartment,423,72,,64654,electric
tvarriano@bioholding.com,apartment,894,67,75,40962,
tvarriano@hottechi.com,apartment,972,68,76,25201,gas
tvenere@zoomit.com,apartment,1010,71,71,80649,electric
tvizarro@plussunin.com,townhome,581,72,,51544,fuel oil
tvonasek@dontechi.com,apartment,496,65,,56222,
twaymire@hatfan.com,house,908,70,,48767,
twaymire@plusstrip.com,house,875,75,72,62610,electric
tweglarz@golddex.com,apartment,602,69,,33605,"electric,gas"
tweglarz@zathunicon.com,townhome,614,73,73,73772,
tweight@y-corporation.com,apartment,718,76,74,45238,"electric,gas,fuel oil"
twesterbeck@toughzap.com,apartment,506,72,75,72140,"electric,gas"
twide@openlane.com,townhome,79,67,69,62837,"electric,gas,steam,fuel oil"
twiklund@plusstrip.com,apartment,1187,76,,87185,"electric,fuel oil"
tyglesias@kinnamplus.com,house,832,76,72,15026,gas
tyum@yearin.com,house,1684,71,,32920,"electric,gas"
tzepp@warephase.com,house,78,,76,25969,gas
vangalich@konex.com,house,605,67,73,76431,"electric,gas"
vangalich@plexzap.com,apartment,870,71,,58068,"electric,steam"
varias@labdrill.com,apartment,776,77,,32176,"gas,fuel oil"
vbarfield@xx-zobam.com,house,2165,75,76,53006,"electric,gas"
vbartolet@donquadtech.com,apartment,125,70,72,89042,"electric,gas"
vberlanga@yearin.com,apartment,69,68,75,51571,electric
vbiddy@warephase.com,house,2886,67,73,81149,electric
vbirkner@bioplex.com,condominium,642,77,70,95236,electric
vbitsuie@funholding.com,apartment,334,70,72,30129,electric
vblackwood@konex.com,house,3162,70,73,98043,"gas,steam"
vblackwood@rantouch.com,house,1605,69,68,87728,"gas,steam,fuel oil"
vbookamer@domzoom.com,apartment,1055,,75,15147,"electric,gas"
vbourbon@labdrill.com,apartment,1362,72,,73601,electric
vbrideau@funholding.com,house,1697,,,42322,"electric,gas,fuel oil"
vbrossart@dontechi.com,house,2694,76,,25507,electric
vbrossart@konmatfix.com,townhome,4268,74,73,18813,"electric,fuel oil"
vbrucato@zotware.com,condominium,609,74,72,53075,gas
vbuzick@streethex.com,house,577,,,31705,gas
vcampain@sumace.com,apartment,454,71,,41604,
vcantres@year-job.com,townhome,3046,66,,41339,gas
vcantres@yearin.com,apartment,792,75,,31904,"electric,steam"
vcartan@ganjaflex.com,townhome,631,77,71,67544,gas
vcentini@sonron.com,mobile home,448,70,74,98477,electric
vchui@yearin.com,house,949,69,72,30065,fuel oil
vcolaizzo@codehow.com,house,1821,,,35254,"electric,fuel oil"
vcoody@warephase.com,apartment,1202,69,70,23801,"steam,fuel oil"
vcookey@donware.com,apartment,973,73,,24590,electric
vcookey@gogozoom.com,house,782,73,70,44106,"electric,gas"
vcorbley@sunnamplex.com,apartment,1139,76,71,76444,fuel oil
vcorrington@ganjaflex.com,house,684,70,75,16874,
vcraghead@golddex.com,apartment,1330,73,76,7653,
vcronauer@green-plus.com,apartment,520,,73,54548,
vcrupi@lexiqvolax.com,apartment,547,69,75,64733,
vdeleo@fasehatice.com,apartment,585,67,74,74335,"electric,fuel oil"
vdewar@konex.com,condominium,1302,76,71,80751,gas
vdinos@treequote.com,apartment,1371,,74,66403,steam
vdopico@iselectrics.com,house,818,72,69,93201,"electric,fuel oil"
vdrymon@dontechi.com,house,873,,,76369,"steam,fuel oil"
vfarrow@mathtouch.com,townhome,1396,70,72,25857,"electric,steam"
vfishburne@fasehatice.com,house,1890,75,72,70394,gas
vflosi@scotfind.com,house,2258,71,74,99612,gas
vfortino@bioplex.com,house,112,70,70,14547,"electric,fuel oil"
vfredicks@iselectrics.com,apartment,444,76,68,67871,"electric,gas"
vgato@golddex.com,apartment,637,71,73,85282,
vgehrett@betasoloin.com,apartment,107,69,,66830,"electric,gas,fuel oil"
vgehrett@golddex.com,apartment,950,76,70,32185,"electric,steam"
vgesick@groovestreet.com,apartment,1210,73,,78377,"electric,gas"
vgoldammer@isdom.com,apartment,666,75,,40695,"electric,fuel oil"
vgreenbush@ron-tech.com,condominium,1391,74,,58755,gas
vgrenet@cancity.com,townhome,2917,,70,25878,
vgwalthney@finhigh.com,mobile home,146,76,74,44427,"electric,gas"
vhalter@mathtouch.com,condominium,515,70,74,77048,"gas,steam"
vhamilton@dambase.com,house,2163,68,,95251,
vharnos@konmatfix.com,apartment,414,72,,85372,"electric,gas"
vhengel@konex.com,apartment,555,78,,30306,
vhengel@toughzap.com,apartment,859,75,73,94508,
vhirpara@yearin.com,townhome,1476,65,73,95887,
vhochard@statholdings.com,house,2497,,,39060,
vhoogland@scottech.com,house,1761,75,,74836,
vinouye@zencorporation.com,house,1633,69,75,23294,
vinouye@zoomit.com,apartment,181,76,,98198,steam
vjurney@ganjaflex.com,house,225,65,74,49638,electric
vjurney@isdom.com,house,1317,73,70,89109,electric
vjuvera@condax.com,apartment,1704,71,76,51017,
vkarpel@doncon.com,house,2456,75,,98155,"electric,gas"
vkarpel@labdrill.com,condominium,671,74,,43323,"electric,gas"
vkarpel@streethex.com,house,132,73,76,33765,fuel oil
vkeener@sumace.com,house,1527,,75,30259,steam
vkeneipp@kan-code.com,apartment,1868,69,72,94613,"electric,gas"
vkitzman@plusstrip.com,apartment,952,70,,79346,gas
vklusman@opentech.com,house,1243,72,74,78241,"electric,gas,fuel oil"
vkohl@plussunin.com,apartment,600,,73,66686,
vkoppinger@sunnamplex.com,apartment,497,70,71,25431,gas
vkorando@rangreen.com,mobile home,595,74,72,93703,"electric,fuel oil"
vlacovara@konex.com,condominium,554,70,71,45099,"gas,fuel oil"
vlapage@dalttechnology.com,apartment,842,,73,624,
vlary@rundofase.com,condominium,645,74,75,43054,fuel oil
vleto@nam-zim.com,house,1236,74,72,2035,"electric,gas,fuel oil"
vmaile@year-job.com,apartment,938,72,72,15773,steam
vmastella@singletechno.com,mobile home,157,73,,85097,"electric,fuel oil"
vmatuszak@iselectrics.com,townhome,1523,72,,87194,gas
vmaybury@faxquote.com,apartment,2458,76,75,30237,electric
vmaynerich@domzoom.com,house,691,74,76,67028,
vmccullan@konmatfix.com,house,1803,,72,45944,
vmcnease@kan-code.com,apartment,431,74,,39532,"electric,gas"
vmeteer@donware.com,condominium,845,73,,39769,
vmiro@isdom.com,apartment,523,72,68,75374,electric
vmulqueen@isdom.com,house,871,75,73,26845,"electric,fuel oil"
vmunis@statholdings.com,townhome,213,69,,54557,"electric,gas"
vmunis@zathunicon.com,house,1381,71,70,58420,electric
vmunns@plussunin.com,townhome,3041,,,23856,gas
vmyricks@betasoloin.com,townhome,976,71,75,55315,"electric,fuel oil"
vnestle@gogozoom.com,apartment,1511,,72,45211,steam
vogg@gogozoom.com,townhome,1299,75,69,10527,gas
vogg@xx-zobam.com,townhome,1752,,75,49726,electric
vostolaza@dontechi.com,house,1897,74,71,12248,electric
vostolaza@scottech.com,condominium,278,78,74,25047,electric
vpadilla@sumace.com,house,1502,,74,76483,"electric,gas"
vpedrozo@scottech.com,house,1800,71,71,65011,
vperin@kan-code.com,apartment,624,76,72,29208,"electric,gas"
vpontoriero@inity.com,apartment,804,75,73,14736,gas
vradde@yearin.com,house,775,,71,75766,steam
vregusters@zathunicon.com,apartment,801,69,75,46798,"gas,steam,fuel oil"
vrhoden@warephase.com,townhome,87,,,55393,
vrim@finjob.com,apartment,753,72,,54942,"electric,gas"
vriopelle@ron-tech.com,house,830,74,,47948,"electric,fuel oil"
vrodefer@plexzap.com,apartment,1470,68,74,60566,electric
vroyster@zathunicon.com,apartment,822,76,,76303,"electric,fuel oil"
vsahagun@fasehatice.com,apartment,658,74,72,28133,"electric,gas"
vsama@statholdings.com,apartment,738,70,,45026,electric
vsawchuk@isdom.com,house,118,69,,57042,electric
vsemidey@donquadtech.com,townhome,534,67,,74959,"electric,fuel oil"
vshields@konmatfix.com,condominium,1194,,,35216,gas
vshields@lexiqvolax.com,house,1712,76,74,24221,
vskursky@zathunicon.com,mobile home,175,75,74,63099,gas
vspickerman@silis.com,condominium,1290,77,,37041,"gas,steam,fuel oil"
vstimmel@betatech.com,house,2204,,74,32336,"gas,steam,fuel oil"
vstockham@hottechi.com,condominium,774,,74,14208,
vstockham@y-corporation.com,house,1408,72,,46743,
vstorment@donquadtech.com,apartment,675,,73,13420,electric
vstuer@condax.com,apartment,86,72,72,46143,fuel oil
vstuer@dambase.com,apartment,1733,70,73,16534,gas
vsweigard@betatech.com,house,1956,76,,88579,"gas,steam,fuel oil"
vsweigard@xx-zobam.com,house,1402,70,74,99744,"electric,gas,fuel oil"
vtagala@golddex.com,house,2750,67,73,67418,"electric,gas,fuel oil"
vtegarden@treequote.com,apartment,686,65,,81613,fuel oil
vthreets@donware.com,apartment,874,76,71,39210,electric
vtollner@hottechi.com,house,1586,73,71,8556,gas
vtollner@plussunin.com,house,2938,74,,62656,"electric,gas"
vturinetti@konex.com,house,1374,74,69,84638,"electric,gas"
vupthegrove@dalttechnology.com,house,4486,76,71,76115,gas
vvarriano@inity.com,house,2418,,71,2839,electric
vvizarro@hatfan.com,condominium,468,72,73,38222,
vweglarz@cancity.com,apartment,1570,,76,30457,
vweight@lexiqvolax.com,house,1774,,71,39530,"gas,steam"
vweirather@konex.com,townhome,1327,,72,97909,
vwenzinger@zathunicon.com,apartment,1805,72,69,98244,gas
vwolfgramm@plexzap.com,house,1209,70,70,20726,gas
vyaw@cancity.com,apartment,1283,71,71,24815,fuel oil
vzagen@condax.com,townhome,1981,,,14560,"gas,steam,fuel oil"
wagramonte@blackzim.com,house,696,67,69,913,electric
wauffrey@sumace.com,house,863,78,74,95542,
wbarfield@streethex.com,townhome,1499,70,73,78162,"electric,gas"
wbartolet@plussunin.com,townhome,651,76,73,32956,"gas,fuel oil"
wbatman@stanredtax.com,house,1507,73,72,64505,"electric,gas"
wberganza@stanredtax.com,apartment,961,72,68,13407,
wberray@j-texon.com,house,667,75,,49679,
wbiddy@sumace.com,house,82,66,,56687,electric
wbookamer@inity.com,house,305,74,75,96009,"electric,gas,steam"
wbowley@scottech.com,apartment,1798,72,,43078,electric
wbrachle@bioholding.com,mobile home,219,70,,27261,electric
wbrachle@groovestreet.com,house,1008,74,74,95991,
wbriddick@stanredtax.com,house,1430,72,,45255,fuel oil
wbutzen@domzoom.com,townhome,672,74,72,94235,electric
wbuzick@isdom.com,house,566,75,73,89025,
wbuzick@y-corporation.com,condominium,1327,76,73,77440,"electric,gas"
wcloney@dambase.com,townhome,2415,73,72,80530,"electric,gas"
wcorrio@kan-code.com,apartment,1126,73,75,61358,"gas,fuel oil"
wcousey@plussunin.com,mobile home,187,,73,53156,"gas,fuel oil"
wdickerson@faxquote.com,mobile home,389,71,71,85069,
wdopico@konmatfix.com,house,616,74,,99509,"electric,gas"
wdubaldi@golddex.com,condominium,542,76,,33849,"electric,gas,fuel oil"
wehmann@xx-zobam.com,house,949,72,72,81215,electric
wemigh@mathtouch.com,apartment,795,,74,47437,
wennaco@scottech.com,house,1026,70,,49588,electric
wfallick@plusstrip.com,apartment,1417,72,71,42027,"electric,gas"
wfeichtner@ontomedia.com,apartment,1387,,75,28765,fuel oil
wfelger@condax.com,house,778,68,74,52568,"gas,steam"
wfelger@zoomit.com,condominium,629,68,72,23846,electric
wferencz@konmatfix.com,condominium,1477,,,27283,"gas,fuel oil"
wferencz@openlane.com,house,1807,78,74,80259,electric
wfoller@stanredtax.com,mobile home,667,70,75,1824,gas
wgiguere@nam-zim.com,condominium,1644,74,70,17858,
wgiguere@stanredtax.com,townhome,1138,76,71,1808,electric
wgoldammer@zotware.com,apartment,1471,74,69,75262,
whauenstein@streethex.com,house,1635,72,74,14649,"electric,gas"
wheintzman@rangreen.com,house,2574,,73,38303,electric
whoopengardner@donquadtech.com,mobile home,451,71,,98001,
whudnall@hatfan.com,house,730,70,72,35087,
witurbide@treequote.com,house,1162,75,,29653,electric
wjillson@finjob.com,house,1565,70,74,94303,gas
wkalafatis@bioholding.com,apartment,124,66,72,66215,gas
wkampa@stanredtax.com,townhome,5234,66,71,18036,gas
wkohnert@plexzap.com,condominium,1576,64,72,50421,gas
wkoppinger@ontomedia.com,apartment,1122,75,74,77963,gas
wkoppinger@rantouch.com,house,3473,75,,27570,gas
wkownacki@treequote.com,house,1942,,73,44652,"electric,gas,fuel oil"
wkulzer@plexzap.com,townhome,932,70,75,45142,gas
wlueckenbach@labdrill.com,townhome,156,73,,45343,steam
wmai@domzoom.com,house,1393,72,71,66023,electric
wmartabano@green-plus.com,house,2528,77,73,6251,
wmaybury@fasehatice.com,condominium,598,71,,5653,electric
wmcdoniel@condax.com,house,1463,,73,14139,electric
wmcnease@toughzap.com,condominium,1454,74,74,20778,
wmiro@bioplex.com,house,1529,,72,49762,
wmodzelewski@blackzim.com,house,564,72,73,55391,
wmondella@rangreen.com,apartment,938,,71,76574,"electric,gas"
wmontezuma@zotware.com,house,804,67,73,25906,
wmotley@opentech.com,house,2002,71,,16621,electric
wnabours@fasehatice.com,mobile home,69,69,75,68761,"electric,gas"
wnabours@nam-zim.com,apartment,445,76,73,20019,
wneither@bioholding.com,mobile home,263,66,,83303,fuel oil
wnestle@fasehatice.com,mobile home,695,,70,4243,steam
wostolaza@statholdings.com,house,714,74,74,97528,"electric,gas"
wpapasergi@finjob.com,apartment,568,72,75,13661,gas
wpawlowicz@rantouch.com,house,2051,72,73,95816,"electric,gas"
wpinilla@toughzap.com,house,1308,68,,42164,gas
wpolidori@sunnamplex.com,house,736,,,33157,"electric,gas"
wpoquette@betasoloin.com,townhome,2788,74,,6492,electric
wraymo@sonron.com,mobile home,277,,69,35246,electric
wrodeigues@golddex.com,townhome,670,77,69,63621,electric
wroyster@donware.com,apartment,1044,74,70,90832,electric
wsaulter@domzoom.com,townhome,577,72,75,71663,fuel oil
wschieler@condax.com,apartment,1821,70,71,30240,gas
wschieler@kinnamplus.com,mobile home,319,72,74,54547,gas
wschnitzler@donware.com,house,1493,71,,80467,electric
wschoeneck@isdom.com,apartment,557,64,,26757,gas
wshadrick@opentech.com,house,970,74,73,39564,electric
wshields@nam-zim.com,house,736,71,76,31040,"gas,steam"
wskursky@toughzap.com,condominium,597,72,73,12475,gas
wstem@nam-zim.com,house,720,73,72,57460,"electric,gas"
wstockham@conecom.com,apartment,1257,68,73,90079,"electric,fuel oil"
wstockham@finhigh.com,house,155,72,,73547,electric
wstockham@yearin.com,apartment,1094,76,76,98338,electric
wstrassner@golddex.com,house,2273,69,72,95338,electric
wtheodorov@zoomit.com,house,1382,69,73,43519,electric
wthyberg@openlane.com,house,730,74,73,17319,"electric,gas"
wtreston@cancity.com,apartment,2127,74,73,10941,"electric,gas"
wweglarz@conecom.com,apartment,440,68,,49252,steam
wwildfong@bioholding.com,apartment,745,74,76,22520,gas
xbaltimore@ganjaflex.com,townhome,996,73,,83708,
xbiddy@domzoom.com,house,1433,75,73,41271,
xcanlas@blackzim.com,townhome,2438,,74,24038,"gas,steam"
xfarrow@zencorporation.com,apartment,952,74,71,16933,electric
xhaufler@donquadtech.com,house,1306,,75,24134,gas
xhidvegi@xx-zobam.com,townhome,756,75,74,72048,electric
xhirpara@mathtouch.com,condominium,1215,71,72,54653,"electric,gas"
xlacovara@dontechi.com,apartment,512,,,45740,electric
xlizama@golddex.com,house,811,68,72,15924,"gas,steam,fuel oil"
xmauson@xx-zobam.com,apartment,154,71,71,1420,
xmeinerding@konex.com,apartment,685,,76,12819,"electric,gas"
xmondella@green-plus.com,apartment,1406,,72,914,fuel oil
xnicka@gogozoom.com,house,831,,69,62003,gas
xpaskin@streethex.com,house,756,,,4078,electric
xsteffensmeier@green-plus.com,mobile home,423,74,74,53956,steam
xsteier@streethex.com,townhome,818,74,,48919,"electric,gas"
xstuer@y-corporation.com,townhome,875,72,72,62380,
yandreason@zotware.com,apartment,1601,77,,44825,electric
yangalich@dalttechnology.com,mobile home,255,,73,67137,gas
yberlanga@zencorporation.com,mobile home,266,76,,86340,"electric,steam,fuel oil"
ybevelacqua@dontechi.com,house,1606,76,74,34954,
ybrucato@donquadtech.com,mobile home,979,,,71211,"electric,gas,fuel oil"
ybruschke@konmatfix.com,townhome,1016,70,74,6786,gas
ybutzen@sunnamplex.com,condominium,1378,67,74,72386,steam
ychaffins@fasehatice.com,apartment,1461,76,,29915,"electric,gas,fuel oil"
ycoody@faxquote.com,house,2460,76,71,55161,gas
ycrupi@statholdings.com,apartment,499,75,,52136,gas
yfarrow@inity.com,house,1373,77,69,39079,gas
yfeichtner@stanredtax.com,house,605,71,,18455,steam
yferencz@bioholding.com,mobile home,541,71,,34431,"electric,gas,fuel oil"
yferencz@kinnamplus.com,house,1216,,72,96014,"electric,gas"
yfoller@hatfan.com,apartment,534,,76,62476,gas
yfrerking@scotfind.com,house,1098,76,,14040,"electric,fuel oil"
ygibes@codehow.com,apartment,1573,69,68,81151,
yglick@rundofase.com,house,747,78,76,52408,
yhamilton@newex.com,townhome,2001,72,74,61206,
yheintzman@donware.com,apartment,1509,70,,25678,"electric,gas"
yhellickson@plexzap.com,house,1324,70,70,99587,gas
yjacobos@plexzap.com,townhome,3350,76,,78387,gas
yjayson@green-plus.com,house,1449,,72,13165,"electric,gas"
ykardas@groovestreet.com,townhome,1813,66,,45760,
ykitty@domzoom.com,condominium,1151,68,69,51603,"electric,fuel oil"
ykonopacki@plexzap.com,apartment,623,70,70,88546,electric
ykusko@betasoloin.com,mobile home,234,70,74,66403,electric
ylatzke@gogozoom.com,house,1999,75,,43437,gas
ylietz@domzoom.com,condominium,641,75,,62671,gas
ylipke@conecom.com,townhome,540,72,71,77585,"electric,gas"
ylipkin@rantouch.com,condominium,762,75,71,76825,
ymeisel@statholdings.com,house,3097,73,74,72838,electric
ymirafuentes@j-texon.com,condominium,621,75,69,96861,electric
ymotley@domzoom.com,house,2926,72,70,34228,electric
ymyricks@golddex.com,apartment,391,73,72,59012,
ynestle@conecom.com,mobile home,63,69,,49632,gas
ypapasergi@sonron.com,townhome,1129,67,76,15368,
ypatak@zathunicon.com,house,1412,74,72,17039,gas
yperigo@xx-zobam.com,apartment,367,76,,29617,"electric,gas"
ypoquette@zotware.com,apartment,655,70,,19390,gas
yriopelle@kinnamplus.com,house,97,78,72,89702,fuel oil
yrodenberger@konmatfix.com,townhome,529,67,72,66423,fuel oil
yroyster@singletechno.com,house,631,71,73,54221,
yrulapaugh@konmatfix.com,house,2096,70,72,15447,
ysengbusch@rantouch.com,house,3201,73,72,32052,fuel oil
yshadrick@sumace.com,apartment,871,71,73,26203,"electric,gas"
yspickerman@zotware.com,apartment,1189,73,73,85324,"electric,gas"
ysuell@dambase.com,condominium,2151,73,72,58711,
ytomblin@scotfind.com,house,829,75,75,95542,electric
ywalthall@hottechi.com,apartment,1404,76,,33884,"electric,gas"
ywalthall@zathunicon.com,apartment,592,73,73,13860,
yweirather@newex.com,house,1096,72,74,54417,"electric,gas"
ywolny@statholdings.com,townhome,763,76,,56284,"electric,gas"
yyum@golddex.com,apartment,704,76,,61747,
yyum@yearin.com,apartment,626,71,74,45779,electric
zbutt@hottechi.com,condominium,889,72,74,84622,electric
zgillian@bioholding.com,townhome,1116,74,74,29342,gas
zgrenet@hatfan.com,house,1252,75,72,61375,"electric,gas"
zmaclead@scottech.com,apartment,63,73,73,25102,"electric,fuel oil"
zrodeigues@scottech.com,mobile home,310,71,,1820,gas
zvanausdal@kan-code.com,house,1454,77,,32141,"electric,gas"
